CRIM,ZN,INDUS,CHAS,NOX,RM,AGE,DIS,RAD,TAX,PTRATIO,B,LSTAT,House_Price
0.36568035540455957,30.0,19.162000176043115,0,0.3096634801432756,5.749347296521508,54.24361388169056,9.578817425250076,9,574,14.707642847300551,151.72533051055336,36.38383667145955,9.312475399127141
0.21145815097573128,18.0,5.324296942678413,1,0.3009645112399533,6.011980321663883,57.45215389561567,3.644077777778839,1,352,17.257105815771297,347.2023206039277,28.770614828710883,17.651722859156152
1.358373769002251,0.0,22.82886697657826,0,0.8787821735038772,5.522866912660813,7.091051381176803,8.070529076278959,2,508,13.139196109111417,188.87050831888115,9.590764851151357,33.8076225678125
0.8537072420245917,30.0,17.562537026542472,1,0.4522957789245716,5.45398606878119,19.875083181777615,6.48588760610966,8,677,21.879681855404147,303.1253519089614,28.384135283069597,29.519409369413896
0.24432816049817485,30.0,18.964606469553434,1,0.5593936533990196,6.083608996319231,21.637381049898014,3.066801739842057,8,290,14.38140293637114,345.7017144132378,38.059245416861195,15.684259614731612
0.2500090304787833,0.0,21.858663517976023,0,0.7849350547023335,6.70889021040923,75.24564336787722,10.741936479089873,1,621,13.887313716722932,201.822101666764,15.786209794697793,38.980142253768086
1.6276565259644395,18.0,5.883179474981038,1,0.7507876337903054,5.747135816355082,30.81875028332451,1.8565530488994384,7,424,20.168975780144308,216.7556814076413,39.43534250302872,43.791954722800426
4.936667610801228,18.0,24.090149140680513,1,0.8597689050455801,7.266265427948358,93.82668014534939,10.451484419195467,5,299,14.198864087309286,394.463710040769,33.32503800332735,36.37759986146696
1.0979158021891404,30.0,13.599744551184845,1,0.3388266501631103,6.925780647111628,50.19837680932077,5.220908615958585,10,276,12.569630731999723,394.754235607698,30.57231908405857,49.7505504051001
1.694320112550205,30.0,20.852362496276317,1,0.566244606934708,5.267670892591639,58.96852437713474,1.8650127723018328,2,595,16.111234258727393,229.2798178341051,3.167456413792671,14.47205149675832
2.05877337101019,25.0,21.73616971890071,1,0.7817113714549255,7.048903551432846,60.09485234769372,4.164565286489045,16,242,17.23804296202163,121.21358798561329,14.04444841808478,6.004496563193876
4.0584199088280855,30.0,6.059696615581698,0,0.7765916237266166,6.462514318158075,40.498423203377016,8.438769595407933,18,392,15.980293306983686,246.14633721823594,26.640084844178787,33.516461372734426
1.2236773602999889,12.5,17.781568564491717,1,0.3921799732234038,5.915436510829951,23.5316541737678,4.859527765269102,13,592,21.35171993641039,302.54431168432416,5.854262806713043,31.808227113681998
1.3450516988897094,12.5,23.374982927740206,0,0.3864539491152749,4.705804382287244,23.82572655327161,8.242377565426834,11,594,18.31317003473764,305.9791021765858,9.414186777575026,5.234669801207242
3.6157834976795358,12.5,19.95480968624408,0,0.5884370028889628,6.2132904964291615,85.43667495171411,8.791347429988566,18,402,17.93058022096153,374.0973264875942,4.1726191209461,20.962419272161398
3.8789605397892513,25.0,10.859551006667358,1,0.6996636091776378,5.626994191816694,9.278651989428846,2.0164905015088834,5,362,16.7576550525027,351.40245814268445,33.483927809352274,7.210273104094709
0.1368267453062464,0.0,12.507227560944422,0,0.6624286379375852,5.172328848993471,46.18359158063463,1.1738855256856862,13,206,20.012879833445574,377.51443691510997,28.70695090394059,49.35866443297824
0.7805844297550335,25.0,17.803616504867986,1,0.3955444352637677,5.993612001137471,79.4434184426552,6.014988525636389,23,347,17.738118832251352,205.86127551341545,33.82079029680545,34.7532972052596
2.5263053362160877,25.0,3.309083644329043,1,0.5583479650046368,5.909784909754592,2.5037950325760954,10.493590869117348,11,330,12.489653366966984,275.861619914968,24.548587452784066,44.543632827311185
0.9658228128559776,12.5,5.423619841748244,1,0.5048521147932532,6.242132193168483,4.387980371943823,1.9065871849176221,13,484,17.68294029506567,181.70452889582793,4.76907574026276,12.977086945364269
4.1519067656307165,0.0,8.232336645093413,0,0.34452763826740274,4.697460487708233,44.30955329731752,5.03098785625613,8,277,14.280139480905053,393.6599363218703,22.375141877563937,27.56383140094078
0.12528086357014812,12.5,2.767595422190441,0,0.5928072093352339,6.617969918152804,5.154495719146805,1.9322620412672942,20,435,13.135559745290339,125.76222542159357,25.533279624036673,48.50090277482205
2.042175110321847,12.5,9.765343897469453,0,0.589064604194069,6.457066035100016,32.11355779032822,3.6429033486203184,15,433,20.718163089425147,143.99648876361562,21.225805720883727,20.061952275830397
1.6416430742601906,0.0,9.949166018405684,1,0.8725652597964006,6.349321514882378,12.84816977153528,8.378613636263609,3,555,19.777022539877795,315.36904589092387,38.240795184506865,14.622488866942248
0.9711408010649052,30.0,11.183809099872745,0,0.6470099968090509,6.177032483750627,5.26523134226686,3.865553364617856,4,405,19.099722041683332,319.27639882896926,34.932501035244265,28.394496395223417
1.2487681885657997,12.5,11.277577718271704,1,0.8283119505652259,5.814992480887922,15.544370257422024,6.644694613775135,5,292,20.972829920756418,218.89281373446073,34.22949639370229,11.565085235561567
3.5467081930757813,25.0,12.492691705184523,1,0.5074603862939081,4.6225083045873525,39.11851559717561,8.236667985817384,17,533,17.859618115285322,375.938493449714,15.16945413155359,34.25611617131579
1.2498245248171422,12.5,16.110997085129036,1,0.4057240012199842,6.614384544541012,87.26230065846454,9.70733100173011,14,620,18.343254633891586,318.5472801284649,15.599070883419127,21.984953392474104
1.4312131208768293,12.5,22.242683467358717,0,0.836975370385699,5.229759189842577,14.71399436746316,5.810648559599244,9,635,13.043712990868856,262.6863702293056,28.315637926981186,13.765011630441437
2.1647493747893702,0.0,19.731773051135004,0,0.37795874361091775,5.338964098030646,45.2927744166301,10.964732104177422,4,430,17.87730871451249,163.90423576190057,35.23258755760788,34.13095304045848
1.0402840544628509,30.0,24.989671067501053,1,0.7309167768533763,7.065126084284422,59.92353478270332,11.214617544766197,21,504,16.175025360241307,188.51975914435036,28.677482473547673,41.97506366670934
2.2615043506609105,0.0,19.06409009135451,1,0.8812963222870327,7.015654308214505,22.1741539040042,5.4883984943468,18,399,20.07872924862344,349.33869096146793,24.21379551480239,47.217044200263345
0.5633097982322934,18.0,14.983635579925911,1,0.7537327001172126,6.450505904497703,11.496387683638119,11.149610684714764,11,375,14.248678993705568,205.956731185551,6.409314378408425,47.19578135405304
0.6000158534593187,18.0,8.992638635726626,1,0.8346883383285486,6.038992492842913,41.783332508345474,5.177312273484706,5,547,19.602390551083907,343.3691803812219,11.2144765887413,13.756868272154954
0.08619074079032285,18.0,26.283897412720076,0,0.6701235794835255,7.170102303033898,32.628466415466434,10.671075399390514,10,401,16.084803305033393,140.350852661397,18.480551686995003,13.903309366868635
1.8371739060996808,25.0,4.960526670900798,0,0.8257892851398689,6.747573727050083,77.90528197064316,7.984604599144642,9,242,19.498832931826797,317.3498421515243,12.422404907759049,37.06116665582512
2.7251568607788066,0.0,18.947770006946286,1,0.6769406501541084,6.132402333580301,98.0281106188847,6.769845694510579,15,371,17.041400848277835,320.1628580167884,22.68523408762688,36.04163671151392
2.7105123356332483,0.0,5.783812127472501,0,0.5376318211480312,7.394889688902816,24.267281228430278,3.121838893514665,14,527,20.52234850860696,217.99233148919836,33.09060712678877,10.416732027175321
1.894418088915859,0.0,23.5903673259276,1,0.6126926266749109,5.634020702791984,86.5451722368312,8.998674184811595,2,308,18.51693326268269,262.8831141665044,2.8940981070898637,26.651830284342008
3.679733987156519,0.0,3.4932267867280196,1,0.7042938812856978,4.033108328317722,86.93331364146452,9.07148727381411,9,657,13.429260322977195,311.87528647299735,29.815136213224616,10.663077469183317
0.7683932046862847,30.0,1.5855519847597466,0,0.4557279796144527,6.939470554386611,52.5152032089699,10.806488340116069,23,192,20.023867916259498,362.11955722703476,31.402373770900557,12.065319172977699
1.3291981331804594,12.5,16.466711449061634,0,0.3034180739340229,5.012366546254496,21.623258376628165,7.212423780189226,4,469,15.549284592025922,280.49278270507216,8.904245431239332,36.17857611420126
0.32199440568422155,25.0,12.20646983907551,0,0.8207029519862834,7.2033104885737895,26.93622427013199,1.3931016234219293,14,578,19.489940109838116,342.0901315220058,15.997498036766952,5.865101478977203
2.406505348011735,0.0,19.835614117055115,1,0.5186799427062826,5.867556941278754,52.67540322720676,3.47459224000617,11,541,19.20780215145033,152.90555042821632,9.909767043440569,7.774796015451177
1.6663908973654946,18.0,15.670215329137482,1,0.8087811565148408,5.2862376430688425,26.81175351387863,2.3464180800245993,16,649,14.863344031287127,121.25853754880012,13.52340587207217,42.0534792624577
5.062687940595654,12.5,21.3114490716103,0,0.6777106891618064,5.416418678606042,47.38768366043847,11.82836964648623,3,570,14.045895711263007,291.5089598968393,22.126347527556728,20.420897785759635
3.9110438269650456,18.0,26.33609783613442,1,0.597824212656858,6.4644774179575135,89.72490479246297,9.248959274641276,13,586,12.671120901068518,285.0818962398411,26.174481783698994,23.792959762048458
6.247504765324696,30.0,18.29878940368637,1,0.8871769534633454,6.624648390430093,50.912343919948746,4.421406186662402,4,498,15.251755590043075,294.95829706473023,16.796302537100814,21.60835397695473
0.36318094752263663,12.5,25.565689652271637,1,0.8143647741544715,6.386690862953771,84.00054945227708,8.95291741651446,18,261,12.109056781280623,286.25504352113524,1.7591506885638872,48.995912387866376
3.891741722715807,12.5,4.255789172543596,0,0.8331553836525611,6.588659043924842,28.949518120138148,6.507182148013099,6,502,15.924672307098204,296.828747869454,18.168653965939853,20.053724238236402
0.023962049651329975,0.0,9.923010126431047,0,0.317257380902304,6.692286018805245,59.0458345913032,5.593219712815629,12,439,13.523892315689523,124.42915123327634,20.106645790518424,13.418440767220469
1.3012879127284056,0.0,22.853977195029472,1,0.725672696719686,5.578073666882839,58.71593100646531,6.89690005154634,9,242,20.686063485276186,189.32865220496888,25.880474269590533,17.058553997630842
0.27756006413615175,18.0,13.134299068462743,1,0.8714102626034366,5.767154067138351,94.13551579662474,5.798945920156232,16,404,19.930533032718834,303.8548295006688,36.168455317093255,16.824305427013105
0.838542855656996,0.0,22.170957936881624,0,0.5628159455825366,7.046016597566991,7.525727890545968,11.482845949133608,19,363,13.459797554253782,263.673251696888,29.540634291411806,36.771128463238895
3.2074875152003135,12.5,26.196381404849312,0,0.3690168117891128,6.664705472391058,60.71819715981703,11.675313156039582,4,264,14.178662750892158,105.48605458991925,34.77024635404556,9.289718542261856
2.616846035905831,18.0,5.07788967917228,0,0.7407928205809201,6.2472627684883895,2.899365964416577,9.666913284589029,19,604,18.689251105729937,202.71317517001552,16.916358399485574,35.66644141379295
1.8053013938145173,25.0,18.954194519187418,1,0.65997428548366,6.48841253860012,48.25456432506919,11.866065718905324,23,466,13.893756542625294,199.2239732211055,13.068320568827271,45.253050621104215
1.9926546599616275,30.0,6.49886340086136,1,0.3394605948834169,5.660725354277853,99.54515741542129,9.746297822431234,15,220,20.400743061828038,345.7386181330791,25.171436398658585,32.191638547365294
2.2715893362157185,12.5,5.075690038402553,1,0.6721751446811121,5.393473518314784,73.56790548973697,4.74486840071334,23,551,15.841643587135374,214.32180421552783,2.3564846976131184,46.91690279985019
1.0147943786605689,0.0,25.1276317672967,0,0.7484008314509374,5.7560072674171945,13.79254268345066,8.128727011253979,9,669,14.694552277889919,162.78260927090662,26.73307639325043,35.46953580273828
3.501316013003889,0.0,16.176908253474473,0,0.592896513485066,5.245748308196474,8.74029253696825,6.473399949624315,18,595,13.556039057280241,344.61499451231236,26.60878241428179,45.954259334235125
1.8814448405404605,0.0,17.249025845482404,0,0.4260510585467219,7.044915441299503,90.83352501145335,11.599887051325512,2,246,19.10153583416219,200.4998624854714,20.978372449503567,49.65203192743747
0.6253074459230421,0.0,26.06341599512777,1,0.7850809162777059,5.793484856343604,33.97779303283093,7.564618482683554,2,291,12.262471874634185,379.99104931091426,9.7751680224815,26.310146419480027
1.4439354554214652,25.0,10.126942479743676,1,0.515152209201784,4.396020434793696,10.675122742722793,10.332340872820717,11,663,16.449632459354333,203.5615675745888,30.321508330914657,19.792072503834653
0.7007764643407515,30.0,8.233581205359037,1,0.5903197977870662,5.547373981865829,38.133000764602514,8.891540835349897,8,690,21.430702353875464,339.94602932174826,26.683310489061977,36.72114818096577
0.6088005943881845,30.0,21.877959289233775,1,0.3671355855559082,5.597640595528781,85.53608473268272,2.9583386343237588,9,369,21.209400087938175,243.96175921775637,13.123073646919122,11.111313581312679
3.121701981262265,12.5,6.756520465524754,1,0.8200163393673632,6.328676982255643,3.2885471307746235,8.380940322875016,10,505,19.203191213597428,288.9185799676377,24.72542740190953,22.99436946469589
0.4776268399878554,30.0,25.726792363460405,1,0.47574217917882966,6.34583660108353,19.990201648023255,9.974027990979613,8,280,12.862242160681182,320.1866724382601,3.256822261617551,47.69963014071795
1.880796529276609,0.0,11.186277894701352,0,0.5845021844335847,6.568957866471524,8.334643311905879,4.835806824855961,23,368,21.6376679902026,126.05307570387525,35.03082106788257,5.348495770475425
1.1468567108230918,18.0,14.850107224461347,1,0.592193149852132,6.595628423346888,45.02242733268405,3.270391737637886,6,473,20.453625661123752,374.589262323303,35.85330044648955,34.6527076706826
3.5359870133811326,25.0,10.123884655331159,1,0.5543903987301804,6.654379089845543,91.78564240317765,3.3739131706181156,19,635,15.82212436129973,270.62426623488113,18.630494913498374,12.364104892451557
2.068726199847749,0.0,4.963511212322275,0,0.7520776892551986,6.159423736178645,12.305648231662945,8.196942666198014,18,336,18.86195993910283,358.55317430553595,31.367443357245854,44.45040911734523
1.0724370208156753,0.0,25.04302502648258,1,0.8476142528103692,7.331333084182445,4.586843272635353,5.4287399972268755,22,412,20.10906206450403,253.39350664293607,19.341249542383977,45.87569893309253
1.2451513712413793,30.0,26.780088986185625,1,0.45601688047380184,6.259322029476094,23.440130274049437,3.5231542459590424,18,380,18.185197092381166,143.28833883803034,35.34379940233638,7.571679044089934
1.2288391967250827,0.0,1.1651423007717898,1,0.6789939089102377,6.165953021148334,21.412307558214895,3.8379108675563387,20,686,15.076518230550494,186.93556716593122,27.972414613776277,48.90965861431394
1.7422871860635243,18.0,24.870997403707715,1,0.5641262090518497,6.323817617529145,96.70351485666917,8.796092564989102,15,509,14.505673154062347,230.50198674299213,26.107644220339807,23.618514179779396
0.03105601776136213,25.0,7.455268662333706,1,0.39581986884556575,4.85551681455605,18.474601361898632,1.713126201285601,13,427,12.133844297806352,264.6451266040491,11.287097198297777,17.995935301782918
3.619598433670248,0.0,19.88016688888221,1,0.5130159099125531,5.98651546271303,34.31986028802738,7.23562830593922,5,217,13.506452150384153,256.34047239494146,15.00738561548302,30.328716783694137
4.0461079794983625,25.0,25.884667054365583,0,0.35908046833891355,5.866774481056616,91.34696360330861,9.594604494289863,2,428,13.877667409076233,394.44693739692684,15.568242107452642,18.712398749002347
3.806011989253884,30.0,19.587382474666367,1,0.43237399121143005,7.166402002443708,31.446135791636323,9.832365075658677,6,623,19.164944942571598,210.31419993922913,1.6236890099926122,43.36596633556794
2.9847084314879684,18.0,2.218563016189949,0,0.4434773046595781,5.179891543553208,6.639470332696444,3.775692665300835,19,502,20.281466913323243,300.55407996330416,2.965219402653133,48.22672542867582
0.6300646682469835,18.0,14.428562865179572,1,0.5749495395891673,6.022804964011024,85.43708181087761,11.201365222001174,8,525,15.030510859815195,346.69735406558704,38.024934120393546,44.731893805147365
1.6799832484652457,25.0,14.071934533793018,0,0.7535442154629273,5.8448323246243605,92.53570167632083,9.472265828560777,20,541,13.584940302042337,169.13204919287244,27.902299154106927,28.62302423151413
1.6614488478281064,0.0,3.7255217888368013,1,0.37600137602244366,5.370732691445102,59.83786764471999,1.244695839094128,12,285,20.45975282143804,116.71093332760809,5.154917914938976,38.768994216570476
1.0808757790317773,18.0,26.208632388692767,0,0.7018026312147002,6.254255164301232,43.81222905939003,10.039056751612554,15,328,17.149805461469324,192.64597158055247,30.025651813775408,26.606213879544114
0.9172727310766272,0.0,15.124274999540978,1,0.7254416015331764,6.1461208310618725,57.51653058836808,5.785908490107105,13,459,16.01536992503701,312.16920386188406,14.44049638692473,24.930332710142658
2.9535071350696396,30.0,17.56672405403114,0,0.8232469274726049,4.928040304875914,5.352588436728467,1.8526378614703884,20,371,15.756467277941518,351.2701147796169,39.302524988186775,10.61153081892106
1.5243221848274555,30.0,9.64091842256396,0,0.8332226806317551,6.503367232956588,44.38104194390003,7.71925776518885,18,681,20.466024991171118,101.43978898387094,19.281100600236837,20.158694391449334
1.9387231282385962,0.0,13.06486642500557,1,0.4449832979594872,5.460701530932358,36.976154075976716,5.940106170584844,16,458,21.732283626077503,191.58654415373337,16.012524353010836,33.453169131289016
1.1699719030025455,18.0,14.86637617125584,1,0.5289888709212551,6.488948414404314,80.13509166810864,10.795750422116017,17,299,13.2023618486348,219.8233965107224,2.442587131264509,35.02177270143217
0.5744171046185191,18.0,19.074346468491672,1,0.8708369667141009,5.553222669839424,85.72854051534885,7.059772575045947,23,537,17.99506920528396,212.00393817457945,32.683421071580796,22.04059221828055
1.705203403136837,25.0,5.466216932165561,1,0.417357377532544,5.758802747609975,89.3506325309039,8.720355991548928,10,698,17.074192529540547,304.9509441274118,15.214240838847497,35.954379858874724
5.165531606739768,12.5,10.796374937041612,0,0.5435757417785496,7.650461210199744,79.36627334584776,6.348234146187994,12,678,15.207954743756622,327.7000631172988,23.076027022344114,47.73454471802699
1.963601259339959,30.0,9.381640990919355,0,0.5729917651310619,5.485038293998404,57.798805955898956,11.37610262378385,17,634,12.606305459586133,232.98280323441662,36.500062552087776,21.701365671085313
1.1161570069629403,0.0,5.434421418269745,1,0.5278956825559654,7.232354640557371,79.61216361276699,3.032330662442666,14,544,17.59734434641689,304.7732394995193,26.33369428831938,24.67442156291942
3.16968902342252,30.0,11.57501822536256,1,0.3016310786083489,6.203137017522834,18.826182754176074,8.433702384597527,24,555,18.63110043608799,397.08781303800396,34.02014769745555,43.259546244021955
0.510578923509649,30.0,24.437852910957037,1,0.7045075104003311,6.164296883114622,5.535988118200454,7.3942698283416455,4,671,13.165063901613456,210.88601459531168,13.877812258289294,42.7428090121019
1.3677721318266074,0.0,20.925831467885832,0,0.5426890886937752,6.7127298320854605,34.11505803681362,2.349892582044711,11,415,14.141098408663861,345.1196150590912,12.504271829445909,12.391269746181806
1.6302263635026066,12.5,23.97760302730854,1,0.5152059572138583,4.8112559648870725,89.42819130037189,8.513607796253368,4,313,19.7241467263001,342.6882879518864,10.45145048147738,48.04896021878096
0.8383450581525542,12.5,17.01693195179325,1,0.36346449633720446,5.534278107021306,86.93284433534176,3.86662357030995,23,344,15.55219243153024,273.92185701219915,8.610282168101383,27.917792804446798
0.2045243820203282,12.5,9.517708804907533,0,0.36257143907357825,6.128821916612848,91.20888857666053,5.923231431677802,2,491,12.837338335219577,341.9438693230602,5.388562896809049,22.318763671766447
1.1860464548627698,25.0,22.46826071663342,1,0.3707709459126296,6.8904841013935725,3.1321197770254354,4.521261164927274,19,684,13.557093378545856,170.73914594251184,39.861265416308164,49.054319548279
1.1292952155052483,30.0,13.014294772458085,0,0.4702652258329074,5.631821756239143,36.87671453404501,4.279838174585604,20,623,21.81093681746109,118.1805736402593,23.802881807830644,41.540128367120985
0.5502247185918777,30.0,1.0763321892625655,0,0.3164429222057641,4.827614952939506,94.90218841120688,3.294900757462164,11,285,12.487546457621992,297.899272079928,23.69993837338257,23.99277885897048
1.0883453008092767,30.0,20.91579068005074,1,0.7213260176943995,6.820767700035703,38.13065440597852,7.555152564534183,2,265,14.114807456036424,158.67432608522745,11.14586921125059,16.294619192395068
1.126610587783136,0.0,6.186559030465856,1,0.4189250709035213,5.030630239548902,34.32844875200693,7.53461679526004,2,461,18.5257562945062,292.7225942398151,27.52487793892937,44.010204767451356
0.9562716406187696,12.5,10.027093776040704,0,0.539375449688607,4.628965132274018,29.116671207677253,1.7792934520037889,18,337,21.6126183238316,190.08843021348082,33.616365507680854,43.998755374588605
1.6385739421448067,30.0,2.39526632991919,0,0.7198823099425635,4.939297822240738,41.61417381882729,9.929634588704495,9,701,19.45102318569188,376.7380160364587,17.61270215943101,29.96595582036234
0.5123538020197538,25.0,19.79507293466903,1,0.8947507809696764,6.3446151748157655,70.89751859405033,9.542955046533551,20,540,19.412675898535134,267.03524463857445,17.258691830731575,19.047558273237165
1.344992148039756,12.5,1.9008359406581066,1,0.7680728822175817,6.009728931153457,57.25800305740932,9.367245310942302,22,235,20.276577993536822,225.56801835858062,14.138399004623453,24.319076693133063
2.2899554560898836,0.0,26.512290433871154,0,0.7850678804752811,6.848509677703385,47.43373344113084,9.144343591130033,20,197,21.942062557108237,323.2263538401794,12.64296561201467,42.461328626593726
1.8589949822720908,30.0,4.63753137725922,0,0.7156791164828183,5.5483888556366106,89.32703077366386,2.222450828251381,17,499,21.627452406697927,104.12485773880219,32.76394705409548,47.592763173380064
3.9038557823824576,30.0,4.266191655851475,0,0.48574397107976575,4.927214713745897,12.179658645895534,5.626409329357145,20,649,18.22588121894333,192.50000137788334,38.583795956905256,33.89275282032459
1.573635102438908,25.0,8.123968542423418,0,0.3429202179092427,5.72791045367631,20.858136536739334,1.518060625981898,2,216,12.779092537299402,169.44113684005202,6.990947034973784,5.100638186742148
3.030601391475062,18.0,3.481337584890956,0,0.3414797339725515,6.154613647358263,9.141785787420385,1.2290281756162948,19,674,13.438955547725392,276.49113781274514,24.09883867360182,12.49096466387167
0.3981120894216016,12.5,13.769832476836951,0,0.7259203762654707,6.324728442931224,88.93578534934547,11.474521064034027,3,248,19.56663325538451,146.62929466928395,35.00007372765048,24.28055002334027
1.004872231461137,30.0,19.94732278227222,0,0.7089548039138762,5.86770057427461,87.2928798086694,10.550181006300946,24,431,15.552009658499001,254.8583362986463,28.0481169398631,45.342284271768456
0.7285958741680366,18.0,24.820603841338354,1,0.37274619295610334,6.399979341294812,48.92818465958127,9.81361082715552,4,452,18.483968257957436,252.4839898213599,6.566979832699999,13.249913356385093
0.26490329079755437,12.5,2.48973285315912,0,0.393930093787401,5.6515109165347965,72.51497453626055,5.162722097361543,3,492,21.574114085209896,343.65280756557485,9.228474260086848,10.895993994004591
1.4603039791906145,18.0,18.81051586278436,1,0.6575669268907989,5.726982151767226,5.088382619888058,10.180892463130288,15,274,13.089883015765144,285.2630823150279,3.7320744146452483,31.45937600888606
2.9608269178129873,25.0,9.319948255515067,0,0.3116366210060167,5.516467411905955,44.66536294193881,10.735741531602963,8,502,14.858858885950205,192.67141923010422,37.99812194730699,19.772901606349617
2.999901417940007,12.5,11.18660589662419,1,0.7152275954578655,5.499936637036564,27.43203166723594,5.317988955225314,20,630,16.270672431019353,166.39198005061843,29.151484206284557,11.025491483662861
4.394253085656334,30.0,16.822322284262807,0,0.3389427416072461,7.0763227330862675,19.076581940634703,11.266832506495458,5,524,21.81106314265504,310.0703758968273,31.72556887803798,12.88642439557764
1.8553551463725269,12.5,26.36514824576094,1,0.35710896262333675,6.640569579572632,21.40698081584796,7.989521880021586,18,570,19.675531500806027,314.1037924542568,27.63639868409275,9.126811206778687
0.06085246204867045,30.0,14.675072360026132,0,0.8121238068709953,5.720008165913481,38.3670503305861,7.967595348182681,16,582,18.133331482244152,298.60039590724136,29.298551411088336,20.993073391185032
0.3175711855565946,12.5,2.3204444848480774,1,0.7300545658628839,5.7167960901427985,42.16483999558938,2.9921458119597384,8,476,16.830303818203756,355.5679710563696,23.34896430176646,35.25818618511012
1.5025985158154391,0.0,12.744451990411541,0,0.501346177723555,4.79320405101041,90.79071528484492,1.5440834235768357,20,445,13.277346768437969,364.21918759411056,32.371610975744474,43.9536345914696
4.323786629458648,25.0,26.364277213218745,0,0.49986205884655355,5.980681517712323,85.9365641918735,8.555866522622985,23,252,18.73897076502594,360.32822181192216,39.167412370385485,6.472669621435702
4.211963719687823,25.0,10.066883646942532,0,0.3819428003297449,6.211558920206883,84.62086844270841,1.9192652603431002,9,419,19.26368367767311,327.69105507960455,23.278383207837493,15.260423448332073
0.43399277606808306,30.0,22.401629846183038,1,0.6198461219175162,5.723302967456303,25.141792564698754,5.680466076694256,3,588,14.597789831817973,236.2790581187485,4.38954129097591,31.862018143002828
2.388125138492473,0.0,1.84275965691686,0,0.48653910629184804,7.14597964079449,72.58257697237023,6.054348272859402,10,494,15.737595370746389,169.2423269364662,24.666261598659165,17.08759897410023
0.300234133783587,25.0,23.78409872405681,1,0.6968116225389615,5.823660957119569,65.17546123506106,6.004236787049142,24,363,17.554042759551475,306.73036619003744,12.769392860009246,29.485576317875513
2.374477187237205,18.0,15.789173287477729,1,0.6335299266063525,5.0333223129287274,46.264044849159326,7.247701833111812,14,646,20.817070187861333,236.07655093599126,13.821607644965637,28.45221378056849
2.5985886440273736,25.0,26.16727037277461,1,0.47771849253519105,5.453108712981473,32.99389005418768,1.28380072862454,13,697,21.79205990485007,177.1436391922428,7.729511493940961,10.08175347165004
2.094211056671778,0.0,18.87727633593335,1,0.8850163179584203,6.2657074094027125,28.70898527960574,2.0893037281407927,5,284,12.332446622750847,244.5620263420825,37.931833229525814,10.744731220273346
0.8535294617240228,12.5,24.764274424268006,0,0.839863160199033,5.748487363385217,65.50750601753892,4.918410308698496,6,387,17.698331936780747,171.10305459000625,26.947301255542293,29.38811965633903
2.0135169443257492,25.0,4.919797296088992,0,0.3841804742652303,6.240395821087205,3.252032447047841,4.114746134500318,5,695,15.764523277638666,314.7652611710919,9.104403056290497,43.55085744140115
1.7888820477941056,25.0,4.190137305263773,1,0.5312251549913405,5.683777465263898,5.065919372152229,8.846088958609192,21,586,20.450365029889532,228.29007854104117,24.205997536788075,44.2320768137342
1.8526451924982634,0.0,17.766856776200587,0,0.4250288486262872,7.353853041497423,53.669095608085094,7.0681438427262355,14,296,17.085558938815954,126.00035466165642,35.35868433180131,25.662626179042743
3.8876404778112095,25.0,12.009080442878355,0,0.39741042377397484,6.189805850513414,46.266382222078995,4.408980700899084,8,318,20.754340195229318,256.2297686795457,2.8016145421527545,13.464205082781142
4.965606564769269,25.0,2.4845637707591735,0,0.5413132015582702,5.781049204345129,31.39834251800752,11.355367952581487,19,474,20.209696521749358,397.15700151696143,7.31107695997126,10.365458269217934
4.21425423485079,12.5,12.272631600697796,1,0.5569364547971436,5.470842536329806,68.62892529031338,9.56254466655388,21,454,14.64005503758868,266.70836706427224,19.418335527045016,38.94595446866906
0.4526561973520742,18.0,24.476865146514022,0,0.8298380086377461,6.133676050317112,98.1081850265667,1.4574084744027784,11,247,12.90743228173419,394.79930515548295,17.391626670457683,10.926131526419763
3.989134982071896,12.5,5.530874327775177,1,0.8680759444114432,5.191664405686626,6.969162371549915,6.359934182200633,4,180,17.10509117578087,152.51215274395955,21.048114943795532,41.06612572420488
1.2058626180647694,12.5,8.367284546469286,1,0.5035514057489876,6.991951157892737,28.14522869272728,7.919177342101093,4,390,17.108735273836025,381.95753478591934,39.88188504141892,31.153319724853617
2.3085916716981116,12.5,16.662450731952386,1,0.8713508101644629,6.108634575314132,28.573521664219108,2.4628073521969256,24,605,18.224386071881064,388.49592194245855,21.47532389691613,41.33114528303249
0.6073826128589859,12.5,5.639904957288431,1,0.847784582988294,5.08766777858018,84.4256973420113,2.4537499772724405,2,709,14.339774752367905,202.40236820957102,9.797230408027412,6.795688174625863
0.7623506771758444,0.0,15.841767707394812,0,0.597126344864156,6.784801444361568,75.21779324388008,2.1672432855415193,14,565,12.587352527766248,341.79642821317975,29.446095426006686,6.37564941015701
0.37224553061259824,0.0,18.920274437056406,0,0.3796922345002255,6.331656706615019,38.93110533593706,6.236114317418968,9,583,14.596981256356447,219.8482968921477,29.15384116328628,27.805531117646474
1.6641404620565132,0.0,11.394037953449121,1,0.36261759849973124,5.795379287968673,47.19049351271331,11.992862142547436,17,262,17.52500971549136,319.6621203460585,11.733257005625902,27.739063972116575
2.5813923385861557,25.0,7.362094843661263,0,0.8708124460037454,6.900618515168478,34.25113594790282,5.628433935756521,19,189,17.911077085685807,142.88652415854455,26.717676834676006,12.01638090925249
1.6230254671236564,25.0,10.306324806605371,0,0.4176181162011576,5.726309645938818,15.663017873147446,9.027180384412087,2,344,21.288886563887722,218.07190952925154,11.009837555747014,15.476489821808284
1.5585016090520867,0.0,17.234999181834713,0,0.54062407199915,5.805970218936348,39.674052070735705,10.125341982913223,24,282,20.529369213872833,381.83430800599353,36.05878664864239,25.92931880875399
0.15281537114603294,12.5,22.418911922409134,0,0.8358757880024279,7.054604400498052,59.77103528811431,1.9499507377445966,15,318,12.035549194486098,385.75070312720413,2.542019662780284,12.632032741137849
2.9039512710673887,12.5,5.679543409361188,1,0.3997269599717661,6.586214153521736,97.99484864025138,6.963035408750378,15,583,15.085454621196652,198.6524514297073,16.902529847173067,8.982839001831422
1.141825120776144,0.0,9.69028483927324,1,0.6621797494990982,6.330483235038688,50.20356292329158,7.805805177108085,4,236,13.826985629677653,318.77120837903044,28.28936435277476,8.069295619087681
2.204500906187099,18.0,11.673510076253637,1,0.5741624751688674,6.245083063200008,45.25751751499044,2.2219995709439804,15,321,12.340514326044724,211.49830325155762,38.211403866185535,47.0218526309024
1.2563398478546544,18.0,8.473544594601316,1,0.6504096815862606,6.251223187223901,67.81875475682897,7.675518061964849,15,621,20.27192093029425,309.7825763900971,2.3497948243927262,19.10706413874034
0.5374291699050121,25.0,21.847526901907546,0,0.4315830205177715,5.532946694110119,39.46083471059694,8.801854249312608,5,532,13.895412797618285,398.3573936879327,8.866501608506132,16.155735786022962
1.333886895664416,30.0,2.5675641530159243,1,0.6719505998445762,5.557491867605291,47.56810084534192,2.610816525210007,21,456,15.659030798996742,208.00022249196184,20.03787416547,18.791686997287307
4.55244228089638,12.5,26.351154161843915,1,0.7256638378122985,5.802580694736605,55.083286128689174,1.2688131575319825,19,312,20.788155969895683,215.07427714474977,19.70198672683479,13.441187126614102
0.8200509229771693,30.0,22.636467606718938,0,0.7486852027240263,5.234983888025498,54.572010161834804,5.682520843489123,19,415,19.87407979771358,196.53043618791452,32.139205562111414,23.49970734466917
2.79440907257307,12.5,26.472832286314983,1,0.5002442844011957,6.043716944253432,89.72916419021352,10.956856833731344,15,542,15.693557680573518,353.34985411607454,9.589212594804266,10.858241562079602
1.0264344020227407,30.0,2.5201603984724508,1,0.8602774775739581,6.247654135957181,11.504869910894854,3.7534642319314013,12,409,14.184465755938213,265.67272460792276,4.967060270023255,24.07735307351139
4.564037819869693,0.0,7.0371788962272825,0,0.41599839711739056,6.083130179184759,21.176094951166036,8.024526934432146,6,397,18.866004886853815,399.80366682400836,23.914715654475017,28.29185479296782
2.8440530298799613,25.0,6.508166097527893,0,0.5608619402980577,5.500252495719102,81.09748602124961,2.79712936274111,20,595,14.489342092097495,132.0905075344274,10.45306089180551,11.145873935511933
4.305131798447686,12.5,26.889718829694246,1,0.3347245155075617,7.200968407494615,70.35315127334117,1.9377833734098022,23,434,16.235107403181928,281.9761689143588,26.835914447204352,42.158610222359364
4.078928134234004,0.0,2.9917434606958366,0,0.64848825526198,5.434437881639466,37.405584762684335,1.1071100725917178,16,522,15.345966505248107,171.57123309248897,30.355427713153986,38.352348924796175
1.2179312839342638,30.0,17.537522724142217,1,0.3985885476594776,5.669129741855395,75.22599941320254,9.950840923034821,24,688,12.777105849643572,294.21026320647786,12.47497495694441,10.816821191949899
1.8486536564628508,12.5,20.831478528391187,1,0.38506125574985417,5.748908677263432,10.066940353158083,4.681715078299262,8,707,14.06017928566655,245.82902136727296,34.48591138665174,42.59964811823745
0.062352360581285016,0.0,16.569537138594303,0,0.7335069611214862,6.645160371212604,22.568420823045255,11.762963495214342,5,392,15.434737032892027,101.44526368718935,18.551991610625546,44.24051540793483
3.4132544565700087,30.0,17.828044957447666,0,0.749436644367951,5.458229573183047,65.66334880401439,5.017999876769753,22,235,16.19499802092832,293.4874312952477,21.20104736027523,26.63748210807126
0.06443264875765164,0.0,11.773773161562762,0,0.4694636403046906,4.862483946211966,1.7452043067028353,9.187976904197942,16,271,14.745759870030778,196.00198776135625,32.51742898056031,14.12818890046205
1.2725444571247462,25.0,26.374258985843333,1,0.35842922287821166,5.497474969719969,10.09572802932528,9.112599925576118,8,335,18.451328657402605,123.22018308168629,37.38753787173965,14.722612343008116
1.4162848909647123,25.0,3.756061190396398,0,0.6998499961335465,6.480672817719885,75.15500067150447,5.980367839501594,10,186,16.17361048549764,180.71049450269197,38.50630952161514,18.57698278878897
0.6725918117880338,0.0,10.581663459628846,0,0.5083447451766385,5.2121487805201445,9.659430835421787,1.7483849036898134,4,401,17.425002213979,380.3019534346507,2.5157095763776303,38.97594651652535
4.458331003428887,25.0,11.322464806457738,1,0.3130650817084356,6.613326607742536,81.21182368301241,6.508891392049017,12,268,15.950230600709087,262.8586793710185,27.85088440689625,48.80611882259887
0.6357676569848287,18.0,23.23177631913314,0,0.7507139164002558,6.166099269740858,93.15501149197456,1.4185369791381668,20,225,21.56329809240438,346.08719653708056,37.61369532810241,43.715733979147466
0.0401608334179977,12.5,7.288262863489683,0,0.7077875659814749,6.451355325961707,34.19783221272484,1.973174756052797,2,694,20.51849610106509,250.35374456772337,36.71618472158193,37.057286497588464
0.37297227143232425,0.0,25.12980703185728,0,0.3522973733664608,5.694425882644387,19.827406701267993,3.8709743696097236,5,298,19.56222136748128,112.20841815321982,11.666446430956155,15.101494540184035
0.3565534397408463,12.5,6.924497206402739,1,0.7958668839101646,5.662487156223638,7.845053278012148,10.606162044943964,22,485,21.91564668393481,151.1546897347923,39.80302669346216,37.126420403872025
0.6410507396279694,0.0,11.231491256916577,1,0.6552643929105876,6.080655873083715,73.32416151876006,11.823460977430646,9,314,15.513019926375494,314.9373700842315,10.269098005542908,8.929592874962445
0.5308358666209251,18.0,14.05251215503633,0,0.7927326710644712,6.541640691899547,91.84654056722582,4.294859433813665,22,578,21.215341800592068,117.02241654038738,14.893389495365547,16.998824721658913
0.30808001190768186,12.5,9.822582247849656,0,0.4310506124069371,6.408173599733739,53.35532188431603,2.563958223741726,4,226,19.91269064241114,135.61918410923158,12.10098517281682,17.719368799227915
0.3260821463854435,0.0,2.4862660172334556,0,0.4541614426611973,5.261421530406954,12.251921432940701,3.3408444980888254,8,504,20.61212875466687,245.74189444117886,33.31996676629677,27.23569119463403
3.2382153194637002,25.0,16.291532625150793,0,0.7431735955511304,6.0337080592494186,44.56810437601871,8.650867460592142,13,572,21.711759142515646,167.95143127811767,23.56767167925265,21.228935231075827
1.5666045375458775,30.0,12.066602726766073,0,0.6377174610330852,5.0896837854403385,94.95130541721227,1.946199786227325,13,631,18.094825640685436,252.90897040789352,3.8831175624475116,8.170299715385234
1.7554722783573526,0.0,10.440373942957867,0,0.5406894271226327,5.694354778588817,16.041295966070813,10.182781001319125,4,552,20.019116866793453,129.20861466646292,3.154818381989579,28.95119625349137
1.477290561353482,12.5,26.51928971888524,0,0.6995848784025547,5.500366732565376,92.56432102218578,7.457311518466308,4,618,20.69953254178959,160.52590447510707,2.0253609907043932,5.463332602212742
4.1501168706294855,18.0,11.596992950029481,1,0.6699073464288055,5.189698179475011,82.35035682893064,10.531734143377063,23,586,21.244595148304434,141.98539863167528,7.350199104646388,32.96203765091893
2.405956932420548,25.0,21.10778238030615,1,0.5515919666198664,7.375043763458467,46.673786736557716,6.596745429735126,17,411,14.574147795034705,346.69847791194695,5.677349304856569,24.30423978176344
7.400994902877947,0.0,2.0100927805429523,1,0.3087562036282662,5.779778956509335,24.68664506287123,2.687993593339459,5,580,20.59091827417604,356.28992068972303,12.229881803862414,26.267377286533694
2.9067136120076587,12.5,14.974352069175689,0,0.8402271135162054,5.638643889905142,70.56830539075939,1.8995061032174119,21,700,16.675176096795862,284.2165092353515,13.72606489524736,47.58793730721954
1.504872140706638,25.0,1.3920677752121327,1,0.7592430474135535,5.481726443560087,57.55728960501507,4.600803300073409,2,592,14.310048816158902,333.40722255545626,18.311149282860846,7.982066801631658
0.6841510754099702,0.0,7.161019201648612,0,0.5572630536157372,5.529062076832789,38.68731666333298,4.657312134205082,14,316,15.211292507321126,129.06034041927802,21.93620579373338,45.21594465436256
4.211433176718517,0.0,16.225538813490378,0,0.8979499917362361,5.211222555350974,67.3479397387304,8.851894051341343,6,204,20.564436759851922,199.13668855472207,30.71434948450514,27.068001145197673
0.42520235789144256,30.0,16.81513431330136,1,0.8330083380019984,6.223447681471963,94.42202784768749,5.599295346521298,14,212,15.037032408441137,200.05872670771174,17.27869966508438,8.761525501977037
1.3029190795053605,12.5,12.570448475280601,0,0.7882771611944572,6.844107387520909,67.67820638798827,2.2500018997861697,22,253,17.805059473986294,374.2958289232816,32.070326661064016,41.34397622059724
0.5351798324188266,30.0,5.475758971940296,0,0.5587281952476524,6.254516275955557,46.92677789172519,8.078798095758472,1,517,18.528395783203337,157.67132341521108,2.8207537372498015,22.88159406358156
1.104944393533304,0.0,10.237181746655754,0,0.8536016271479043,5.345391316873755,44.549687974764,11.684093263706957,24,655,12.702393988715059,224.67468316661018,35.7305515531117,43.237290879259405
2.171566099364969,25.0,10.957234349736805,0,0.6235589751147892,6.845565205780301,42.86129859756113,1.7377741394285386,4,245,13.657057629141441,192.5508890394367,7.83651426668054,13.41848806985443
1.3392714948604083,25.0,4.66955342049943,0,0.8936077237034121,5.870173208801352,51.25267419370998,4.184421063542513,19,425,18.846555304370238,260.30307311831837,13.551616800164963,28.022968024804637
1.7644086698118628,30.0,16.190269007798506,1,0.8138761784261297,6.811098003542625,30.773830527618255,8.704647964658104,3,480,12.933216351392034,263.10980202776426,13.479772397860412,15.337426021495345
2.0280616331499095,0.0,22.404829541035358,0,0.7867753580971661,6.585610888031678,61.59154751706162,8.678867648118466,14,693,20.0508642953658,228.11180557324147,3.4841480104311655,48.71395264126178
0.5311777391627228,0.0,4.371558129452462,1,0.71364078441297,6.495486565958198,37.70711783283714,6.54881202180931,4,674,15.905543978543893,159.29335268836587,33.10593160721115,45.46918170693143
0.5906349563468447,25.0,24.808475979434927,0,0.8849189804683915,6.614706088069385,82.2106424823329,7.804293104323451,14,298,14.454877516083922,220.95476476206105,6.5763253400915165,34.38588989421626
2.3932898361636195,0.0,3.317115698520187,1,0.41493927929032265,6.27062089777207,37.69253042610627,7.226652101635271,8,463,17.094900234364555,377.3004047328983,27.274740038900642,39.064636940189594
0.9134476186412246,18.0,1.0885742489631227,0,0.5812073776171036,5.947446805707976,61.5847045949745,10.072325176266226,10,546,16.31584870540115,158.97992734507324,11.951531190837269,12.483593336021292
3.4724920670685515,18.0,13.849845959429185,0,0.8615399801117773,7.460882288682878,84.76885038465224,4.4692246691653885,1,690,13.67650139074434,184.43249073148144,25.871089211877884,40.74179330500015
2.6734464376592464,30.0,23.40709246471055,1,0.8510178842447946,6.983331232768641,82.28754127950205,8.363343288844636,24,433,20.991234985945525,377.7475673705533,3.1505332064073457,24.649435680385327
2.966745534514504,25.0,13.461324301287316,1,0.5908774049526102,5.734468728896167,60.13522934663645,4.348781967539293,1,618,19.946589496434214,173.89087681169462,11.864135212691874,17.54211018467005
6.044483517979884,25.0,4.903618603268462,0,0.8008207117910109,4.977494567210144,59.93635899876149,5.710412883960579,14,414,14.225089500607812,194.7515859264407,21.78076748236855,9.444142344867736
1.0909726444009777,0.0,14.305400429441079,1,0.7620108422380898,4.652478140745683,53.46486901450061,8.56750558530403,12,473,18.582797038121058,366.0433634657338,37.22519710526037,48.29205481264108
1.6209801493374847,12.5,19.72663264099375,0,0.8578247766774063,6.18665461939572,71.86917044066882,2.4463864308681886,21,350,18.317708168102126,287.32783447321697,35.45397832855376,7.01462377145876
0.2941080539628528,25.0,9.092542145101472,0,0.640477240476252,6.853043065333709,66.20144151443945,11.166482144999417,6,695,20.80225915795532,353.561753857377,30.583406347941434,33.021148444732674
0.34582565091412176,18.0,15.203882897260572,0,0.7068322115449698,5.790908451356719,4.277072453661709,1.2817525077626981,4,470,21.071787699899595,135.60939142669216,19.10562182172982,9.466737252720469
3.390880158563161,0.0,26.677680420162687,0,0.5753985256397842,4.7353084138173775,62.462917956554755,2.3403764344855995,8,620,20.03392873610117,315.63291202927616,16.300871687824717,20.549605366114378
1.576851135315382,25.0,15.620208737526111,1,0.543760306929626,5.792725795723387,37.24732492406679,5.001144835836843,11,525,21.481614116506552,212.47885508658746,12.735424105748224,19.908271322218418
0.7539982010167346,0.0,10.552431657229631,0,0.5782793171628486,5.661899766949756,88.13593598442478,7.412399716116046,24,663,16.31304075812318,182.92585939099376,26.456677006001637,42.37287959500165
1.5852768257525758,18.0,17.816451047927696,1,0.7236026456003888,7.447270820691518,92.40676065886032,8.689203569508795,9,651,15.135283642637985,219.57468601320244,19.36099669048282,46.90133125291366
0.2360955484787549,30.0,11.386835530177027,1,0.7322923204183511,7.39110359629931,90.09854070838436,1.2916325478684838,24,191,21.10851865396422,189.4723762266002,31.71071359378757,15.917304167870338
0.18364959202568798,18.0,21.589601604084287,0,0.37415149865952124,6.141321757422354,46.553968701583834,8.922680614358649,4,585,19.093026765972485,175.35576351029928,34.920640965973575,10.426605810651804
0.9681819108561659,12.5,18.600983325127466,1,0.7555894629487292,4.977006474512367,4.168014486236224,11.617861546465035,9,268,15.363002844742525,175.1134996768236,9.043398039401556,41.2885703494981
2.552528891534699,30.0,1.6802112115093528,0,0.7991251851190466,5.963084023858926,1.1670472744533278,6.807277003215935,20,236,20.36367045062669,312.2520943591383,16.697528168527413,28.976791813437185
0.04794130301680488,30.0,25.341209391966945,0,0.593307656637813,5.45048992806827,5.247341981935381,4.388217535371955,5,343,19.841457435506324,129.31387515504707,4.061729647867718,27.823608510393143
1.934317380762411,25.0,15.486220388326135,0,0.5737281658268507,5.251914951233638,81.43654225473615,3.2188053447249754,9,619,16.34485279789696,112.38249650913409,16.334374118955026,19.378074266461326
3.735835553238713,30.0,11.154554172987506,1,0.49998907436771844,7.619071557187362,68.5026957961235,7.598473720412269,13,640,18.89058380340879,367.276262002564,26.779221044924338,39.712023297515934
1.6444678936227197,12.5,4.874477789528612,0,0.5756977969954014,6.191748492130354,31.432944159477845,4.8289598627216765,24,245,19.428639343043145,164.95952292668133,24.359753969349384,43.07921359004326
2.5933294219964473,25.0,22.412022890781614,0,0.4194331609471318,5.342480944438755,95.82976177705068,11.87813114517357,3,445,18.744446268374876,380.028624481175,2.949402094902078,27.568073736624967
0.48542933265174804,18.0,18.47517707095633,0,0.44936480844608584,5.658534323671143,67.45170081519126,1.8827317790572065,22,575,15.23331385924534,294.2877095543672,36.74169884847868,12.383160084895671
2.588761537202537,0.0,9.093733350190105,0,0.8251057696886357,4.148219655471012,58.27631667647897,8.558968825777956,19,633,16.35539181584658,126.7544716885837,3.5471151959614193,30.668175207139747
2.882057510856068,0.0,7.95216686315497,1,0.8476713076082059,5.303735445536635,31.451577860891167,5.161959125825986,7,613,20.692150901864895,170.33499546606936,1.175198128185631,32.15342836712061
0.1596970954604583,25.0,20.060319103865588,1,0.6904713326722615,6.185788822170933,63.16652635305323,8.305700887556098,23,475,14.817097777040242,302.32457481600113,5.463851069421348,15.604032533655545
2.005748819261181,30.0,13.162338351523164,0,0.7871091019690395,6.643819872486843,42.325832663398955,7.010228407041391,24,570,12.711924424849098,239.31245849986112,28.689270599814023,16.306371811609587
1.1880210991171993,30.0,1.9928797895189545,0,0.34592715411325226,5.76029651839002,65.65021048522134,3.6037851131699163,3,632,19.757443469567228,327.3578410206097,14.495409622168667,30.047260457149633
2.504203628854496,18.0,23.766877811251955,1,0.7769872959691545,6.650467460849841,34.11969545778619,2.7422650869117717,1,212,15.511367552039617,266.35368615757454,11.150081851373526,21.308942322694836
0.6646225822360097,30.0,3.1896026597176803,0,0.7090845505505059,6.958779548396091,82.47614529803724,5.193186272537694,20,663,14.721891222866732,386.63562209287574,18.392115508676284,40.188656508098276
1.216648901048272,12.5,13.040518729864186,0,0.5570264662057889,5.704472143639851,34.51861652556779,9.333092848712843,3,643,16.815140996439055,142.80405620094237,29.326812854755328,38.708151176821616
1.1169262893940954,0.0,1.8922085091760055,0,0.6142618482674346,5.316414476306261,1.270981054428749,3.26139621636339,22,524,15.541952070125593,119.3119887658637,14.173883131387283,28.1881428083487
1.2109074613697661,25.0,17.066770572559843,1,0.6124100658682623,6.545332216073474,32.738004351140276,10.716591022210203,14,515,12.587553070624828,254.39775323356972,29.374557715388907,46.41431331809078
0.3681553120736156,0.0,7.762270099549099,1,0.8283263775211884,7.117500877351556,83.44953282709909,5.008658204835417,1,291,16.21926458352124,344.9640409746439,13.69948265972297,21.620098524567858
4.10796151660936,25.0,22.55566102869276,1,0.49626914125907085,6.060939297383182,64.30879875103898,7.387725476653255,22,527,18.62904839121186,186.79506631304207,1.6443850843767795,40.45953515595661
0.48860318959229987,30.0,7.408809216829262,0,0.8604987100707,6.807425631697847,69.24652277395562,8.321589389971226,5,629,13.502648509452056,399.0614543106149,20.249591100120313,15.22252918396806
0.6664241261499824,18.0,13.300013346770744,1,0.7695707561952934,6.625740528389456,39.43507547065211,1.143615494174288,10,463,14.309930267799055,317.2306940955427,17.76218174158639,9.56788126455297
3.2333811716171494,25.0,2.576257120274169,1,0.7366533172056522,6.312360067609173,68.53000767514425,2.6651793418001475,10,308,21.413603754543654,319.6210985439966,6.845696189820939,10.94902323300856
3.739531617131315,25.0,6.139296758192402,0,0.8467652978441935,6.095956072126929,82.94260475683419,3.1923143665576847,13,644,13.078737611378246,329.9516454286277,13.538162866905978,6.777524581514083
0.27801475147201904,18.0,1.0238541789294986,0,0.557209378912438,6.768586552878911,86.6807346122262,6.475238837444845,8,603,13.311006173895967,240.80535738031094,33.61787009068703,48.04571026614008
2.574236313695844,0.0,19.679808160180333,0,0.48016360374421263,6.415633127208016,95.66047022181161,3.7179994796159823,12,291,19.979511597841267,392.9587319231818,28.76175523151052,16.90607683792645
1.243363189907022,0.0,14.95651933446199,1,0.7573087784298074,5.162902197750478,40.860759854216106,9.12156909944315,3,246,20.5569927289312,356.6355294595806,34.07278764096229,24.505999376068278
1.560544395763832,12.5,8.218555619920629,0,0.5191918941816772,5.373297121043775,86.50534202433592,2.213556357692865,1,418,19.346271995874254,236.19602539954937,27.269285138437358,27.82863434165166
2.254873752398585,25.0,1.9593320350662327,0,0.6452308409588678,6.656983845653858,42.26123546033669,9.684232025739426,8,272,21.638937478650487,276.7782485655669,10.77728784468255,8.64587655573548
2.573887691616627,12.5,24.84137581816304,1,0.5296323442099212,5.1114738657197085,43.71443421190705,1.0812725645618646,19,617,20.949449063891223,357.1473913781321,35.977327839854155,20.472455254864784
1.877215976836013,12.5,2.8105635238344746,1,0.828115093647704,4.845459231891066,55.958586394844524,4.859353572588047,1,568,15.975158983439226,369.76836837894604,23.146712734626917,41.07813750142141
1.0868121313399224,12.5,9.283372744997305,1,0.5501781602366447,5.949870121359914,82.85015151764284,4.757562047514644,2,374,18.981199448344363,275.7388995914055,34.065696287070296,16.672779792517275
0.012427471268811274,30.0,5.032600086888447,1,0.6393053413487813,6.642871071714518,96.88963741656666,9.642669795033463,24,457,21.673389187423048,369.0174794050303,27.535479094396237,26.285316526122617
0.9214719952435696,0.0,16.520167411727712,1,0.6653573502648702,6.242793023619074,38.09706921329701,7.102101754087649,15,183,14.649118328384631,290.04357207669113,2.023150030134191,8.221350786121015
0.4644739968465488,18.0,7.999967740483903,1,0.5088909475467911,6.549675918296014,7.777066465262302,3.418632881863813,23,498,20.334974436122117,130.99580787157578,3.7500344320853936,22.562159667716802
0.5287935653972846,12.5,25.649152016471252,0,0.40428008876138416,5.445542062761238,78.41741905321285,7.566090597107189,13,196,16.908639068457234,380.56834671848475,14.204052739128883,42.79067176211263
0.13741530886796993,0.0,24.255269801632636,0,0.4215586732275538,4.6010411682189725,24.281046492945098,3.110903754551739,15,558,14.173167728853704,304.1527964740885,19.669503773966717,18.710242555642775
1.29672477297511,25.0,18.88556245647383,0,0.4776274578695898,6.188937082906394,63.98825631913204,8.454142241359053,15,537,17.97379168929839,389.0956351573085,12.54875327921069,14.77223109431997
1.6041526135928557,18.0,15.955600592747443,1,0.321731551685402,5.678441101513981,96.08807025110309,3.2589774270719736,24,707,20.843183792258998,319.2354804769599,21.386563568997634,17.45933212158343
2.1570800222256548,0.0,25.512803642999863,0,0.7406490114369415,5.3991405885767865,87.1173284569296,7.525379590438204,15,528,20.195234766104324,115.75465382888017,19.719298508349787,46.91438232558454
5.261168718773027,30.0,4.376016536660588,0,0.5130582454538357,5.684962832720578,70.13725998793777,4.94595899382477,16,368,20.73473509272562,297.55465957502906,17.24216401121602,41.54436396305399
0.49992797749308115,30.0,12.782985371402278,0,0.81981515894975,6.171307629358707,21.991335121938185,3.4804279248014565,19,639,18.747930350055633,362.76796221309735,31.113972134593922,24.082918245499034
0.9853571842039163,0.0,26.658455707038595,1,0.7768916710389893,5.025810410529664,45.328966342440765,9.648289663846992,19,350,21.47451222117155,172.8419387708231,20.004835778509616,36.051603294338086
2.155535601082868,25.0,14.983091148003227,0,0.6550599787262186,5.994219678583907,93.30756263755251,11.373099210879005,7,441,12.931681179978838,258.441860119072,23.591526540219796,30.38185046839083
0.2413399022779027,25.0,9.837152307406436,0,0.4356121016566904,6.421829253659425,34.37720017234762,6.766236932017258,22,601,16.955325477544683,188.80237185600248,29.443305717023424,28.273165396131418
0.08926403258537041,12.5,15.315652113263466,1,0.5393207476992341,5.547446770988072,79.12019784644616,4.64791373939145,18,335,20.39881396226097,202.84867874369846,24.966369702323657,32.299225628424324
0.55914982367126,30.0,17.263407816128115,0,0.873878823953256,4.639043690864139,27.20768689640321,9.436385680523195,11,224,16.124043036691873,220.19844273603468,6.733585939419822,39.45232010660874
1.1971187927132618,12.5,11.950851314362838,1,0.6547355791339466,5.755337777063435,35.28549158954275,5.631762026631447,14,482,16.922316698042167,126.03708948698403,6.33436337105672,21.669446799796194
3.4587418875179976,12.5,18.446596690961915,0,0.7777381135568538,6.516534438608168,57.5713470477993,4.6360914097034716,23,692,17.081315588169915,130.61690944002842,22.538226265854682,41.92105686673311
2.922999554820532,18.0,11.472178970998208,0,0.6143331179897853,5.004445920320711,32.39383565248207,1.5107542214780065,17,338,19.342638238648924,154.6007322174534,3.1179386519663757,36.2706273904401
0.21553394201778442,12.5,24.771775822734607,1,0.7719678829460956,5.481282648181307,33.7884395915013,10.485855248456296,15,682,18.632713336011626,399.28121135881185,14.475878058898305,29.359387364339504
0.6620237958386668,18.0,4.939278358810589,1,0.5109806152544027,5.919237935204138,96.5583002035,9.816627837378734,9,322,21.89435408214606,347.29305106515454,7.705487448311699,9.514937760232453
0.2018203531540681,12.5,8.144566198158245,0,0.676108276154935,5.846025066879367,93.63595645615267,3.832419593904689,8,346,14.614467710311144,160.35476894588106,15.906025964919607,41.92666177204076
0.5415147534006002,12.5,4.102537793217589,1,0.6392782208824694,6.083947665428857,49.40472170636241,5.773499643203396,5,607,21.786939030868943,282.58664554667985,10.463777803161587,44.39337711067545
1.162482112055402,18.0,20.022053241481988,1,0.7351006267830421,5.920921942163568,99.12191171860304,8.56485208076478,5,625,15.591100947393457,264.00454014269826,23.46305852871328,38.19248829951611
1.8299238231228907,0.0,7.939314193201261,0,0.43861885222894437,6.680350725172348,49.86237264458681,7.973018744530677,21,309,14.54058461836194,164.65930513035775,32.99447503063314,44.531623506741596
1.0657680822844227,12.5,19.353197869617635,0,0.7943122106141216,4.93870483139355,52.72172806331848,5.00561279396035,15,371,18.24544483734214,144.10276487020343,25.585553693505698,9.012796342625677
1.0460515099103842,30.0,14.354445244353375,0,0.3227276062338729,4.386989264486897,51.258985603382875,6.1682752193179065,18,447,20.0828544613436,127.11413889558301,22.58413575960084,40.30772718256624
5.546448699951692,30.0,12.875875291191798,1,0.48927013019708965,6.655255906770732,47.77999529519768,4.095762891827221,11,181,15.850335074575018,341.0546931510178,1.2976179348454404,23.922403382300818
2.2596833955808804,12.5,24.031240936881513,0,0.7039777158943088,5.503963149617087,57.13085174137134,2.3544972545829346,18,516,21.819070142540134,100.39910289531964,35.02187381748028,42.0257633434988
1.3837364810117352,0.0,21.70006191587502,0,0.6120159215051143,5.774952466354311,2.6366192398827724,11.743200545682098,6,697,18.778610561581427,228.60015931788513,19.253530551054247,6.888766156738885
0.6177753028349586,0.0,18.3077806737115,0,0.7097255713182457,6.256888569927372,96.02905989248991,9.936680050256381,14,334,16.90823132389547,184.07057466107977,8.627515040075588,32.386957892207576
6.229151150900781,0.0,22.298552354192577,0,0.5304081371884561,6.111597672525297,81.53862539722385,9.78773178739111,22,235,16.195424072244304,205.3511594074202,38.53103175216873,25.344698379156874
2.9239991866392696,25.0,3.466452612773433,0,0.3088229808806521,7.372975859324097,3.7143512478282372,11.546660768640526,21,392,21.552761178113357,376.1173238246757,35.22430065612532,42.91941597136235
1.2649985679299598,18.0,8.844767886561307,1,0.7387299261323887,6.617636916513802,83.88571487273738,4.933433859144051,5,256,19.627366104390397,237.60159690722884,14.78660734889653,6.971114623572497
2.8437944568469726,25.0,8.239841875672974,1,0.3234286655214442,6.1339279470474315,11.34748600605571,2.4518952999438692,18,185,17.835057353027004,260.793580727945,23.63890498320915,31.723764348145256
1.2875376084024612,18.0,20.78440721064853,0,0.6511316894121753,6.1768374601252685,87.0374935598602,9.89894054111523,6,688,21.012969748579486,330.1342549710306,2.8611525152588038,32.56004293005451
2.4944793077417957,12.5,9.014347853255186,0,0.3634988841849463,5.047052275819093,55.25852098572777,5.023517938776324,12,292,17.191894329291546,106.01853319537578,12.118854473242836,46.5724844010411
0.7567118361097909,18.0,17.339520400373644,1,0.4933351421774526,5.6554433306243075,32.18231208674369,8.822332060040548,11,496,20.342320115373994,200.94038004040303,11.976721374701269,17.35707161326042
0.9604458373984885,0.0,9.293868069837577,0,0.8572131048835931,5.522787464427192,34.023684127009226,4.003876761457645,13,640,20.640109552303894,168.79675067796398,27.648727364715455,21.693283453993395
1.1895820950264269,0.0,23.979422177649173,0,0.5048059289703347,5.841591420652502,30.436985479839393,4.57880897829528,9,659,19.268275881862447,254.19756294780294,6.981018518513575,43.920586786935026
1.686415587319117,0.0,20.07983023126566,1,0.41685674793506544,7.0655412622294635,11.432987309251399,4.852654012664968,2,189,14.646977727750212,158.67000604878672,37.88961646680342,23.187323549972945
0.8910706917799041,25.0,7.740243978765505,1,0.4319666901825983,5.360534826712394,25.856876823173103,2.257051963072254,18,444,12.42615335601096,249.40973279530573,24.57710046905667,18.621313182882062
1.186158743751344,12.5,12.671602105876286,1,0.5014790124520924,6.781848979082506,50.760565252442696,9.846440136575572,20,302,14.139442702989935,256.93105508501753,1.1953213228293538,46.29089200833868
0.3865576391500587,18.0,3.052736773874151,1,0.6018805565257019,6.132258331298172,68.36297418899649,6.1985346158574,11,363,13.23976349785304,398.298768242577,8.020466215381802,15.554572280361551
0.8744709178023442,12.5,10.13828631640396,0,0.7422717874915452,5.578020959159911,64.70398250024846,4.008694809742892,15,697,14.673432078086561,254.47906605150737,10.216714909552415,17.20428237797097
0.7837565219879284,0.0,11.246415639387708,0,0.3465473174082148,6.103447705327619,38.37057310696814,10.18469077747798,14,686,14.057017865820658,330.73412136576917,3.716647527187933,37.833372021088145
1.52020560230395,18.0,10.427515115432634,1,0.5948015081024396,6.334933614941327,31.313946188725392,3.539361579220951,9,362,15.70698473088898,348.15091606312563,19.783214435190057,37.83734202269913
0.4050200618477542,12.5,7.172250677204916,1,0.8001695824606765,6.679299485151354,56.5791174176301,7.284086241773568,1,302,15.38468344404867,104.21842623120462,18.70492504928321,27.04419408100943
1.077982017325699,30.0,20.246049379928355,1,0.4652897325399894,5.117703451718724,26.241449210969513,1.1842829657032279,11,199,17.515457555693445,338.62848444912254,36.95754494483223,40.01131993367114
3.0696782734086514,18.0,7.6962538896308645,1,0.6469547874987325,5.790028648526826,98.84321572542852,10.73455590772726,23,259,18.505545915912226,225.23246842217583,18.864003004222035,14.775419931688576
2.5452261624124004,18.0,5.914661342870158,1,0.597704379620307,5.903470042638977,44.74327047887402,2.148935525424773,14,638,12.569945494300722,105.07570263017494,17.279658779185546,32.20215539380342
1.8505002682659035,0.0,14.797083436782254,0,0.559737458797386,5.923167410378985,48.76227787257963,4.883693171584561,4,416,21.37359478176587,247.40848628665353,39.75112952594202,40.49247179655099
0.0668292275521829,12.5,23.599130283716022,1,0.36660527435924667,5.322405320177975,69.03114610072033,5.529579270960599,24,226,12.941487210568027,398.35774243332196,16.787969823508718,35.51368298610095
4.84334659981412,18.0,25.582401625064822,0,0.8168038810092122,5.482424235623369,85.63262772118475,1.1635736181077188,17,466,12.68338711764201,390.1013745660843,31.794710565534785,41.59385764024524
1.3454169204632598,12.5,9.31622306734906,1,0.8155275165183864,4.8472658266362325,69.98428342653237,6.372472363864812,14,184,20.74151602216251,121.28033891877543,6.693432423584752,36.63195225157909
4.428375736821517,12.5,21.08134430958627,0,0.41367515871133564,5.546912038960939,57.87686905972012,9.058164695415595,11,543,12.520410856888326,279.884917830855,39.224103333168024,38.2019757644187
2.6427653834676623,30.0,23.526324903244344,1,0.860188804750333,6.169002814460405,30.908685931279752,10.53236307709461,16,620,20.819776513487724,226.82114776864853,22.19051617715302,12.13696564716757
2.8505039611771537,30.0,21.71499656644425,1,0.45807522556823854,6.80573335043905,52.78648391166929,3.7470163635259417,13,646,16.335931905860093,367.32602359684614,35.65595510707267,14.306031311402739
0.7690668289329269,12.5,7.693355177778646,0,0.8893104595515007,6.920268167440305,91.09189386547156,5.295098385226606,15,574,12.459510202437784,172.5983696217287,21.481899328172066,19.543738047086244
2.820499349745864,0.0,24.02577664330166,0,0.6932124244524782,6.824835653866753,10.136835717943208,2.5673171154122825,12,556,20.119805302779383,247.18616386591546,4.318793904898282,8.52469704885624
4.41518039311944,30.0,13.65914485044299,0,0.5949589934679658,7.247552556223961,17.549921347951923,11.228098082587108,23,352,18.300009984959665,378.8434371936871,28.171070586471764,5.674256616161589
2.272631452495246,18.0,7.751660381076966,0,0.45010782729934395,4.774145409346516,33.07620357161336,9.495448688218532,4,243,13.407309380770169,239.86500091827884,19.52199134966923,27.9939817412216
0.06527655577683356,12.5,21.717961261202106,1,0.7066580254039121,6.369155283564238,73.62556604491795,5.782696559379538,14,418,20.2198991095113,397.8854815083466,5.6439886983460275,33.033380860587044
1.8461385196831772,25.0,7.979829077421442,1,0.6557868057084475,6.200828447396351,5.138841276970146,3.653979271399281,19,471,21.1391462138521,394.4781651806652,14.226695372647324,16.67449992276317
0.22710205072807388,12.5,26.249748021810035,1,0.4178999202423224,7.103343182441753,74.28813020868826,4.888936385418746,12,575,19.389115233274673,155.4707770013967,35.93461695983661,13.497872041582536
0.026575666634479633,12.5,4.780255474854907,0,0.32400732721053893,5.918020078421997,6.947317210599914,8.654384377354916,24,586,21.835659960837248,297.4500719807545,2.155259111379173,39.16701799217907
1.4045044137496099,0.0,16.836980860459718,0,0.37732830779015614,5.04174784808478,82.88937036426385,1.0622093097621728,1,394,21.919790662731558,140.74579916212255,39.01260706351056,25.311383834855388
1.1836940460056429,0.0,17.528801863077412,0,0.3228974155399182,6.95877330247235,92.67819836019754,10.989269658765101,5,524,16.985241024917457,177.73698686189567,15.978260759078857,42.0997722481452
4.451653110880912,18.0,8.765395386447992,0,0.8942461714819017,4.766205565466515,76.28229113737767,5.531172156658209,16,301,18.257955220635548,179.0589810750098,39.31180315313068,32.383147024363154
1.251464801917579,0.0,17.97776607302948,1,0.44492636022339205,5.668661226162594,5.4517160047505975,9.994719411170431,24,389,19.08437457637048,338.5446547164572,37.87503433927314,31.200144478992105
4.500316029924452,12.5,20.48461868718521,0,0.7728112158008795,6.04683464377222,37.29555071810799,3.316293297135336,18,438,21.208687605887587,131.58016929033158,27.119881303102716,29.40327221834779
1.5266235020954897,18.0,25.013940871650053,1,0.3678542354127138,6.8219142798809065,51.9799959426435,11.887426041240492,13,564,16.792359900931004,169.084736130029,11.033799858103238,8.586888684345343
3.594750288399847,30.0,13.181960095691494,0,0.5290709361158352,6.840218021245391,14.251163075073002,11.255838035833593,4,635,12.47462892677709,314.8921507886655,21.47469959728405,29.81528528699234
2.3804579807469395,25.0,20.14442099573189,1,0.626833199236382,5.764528092103338,66.13555739168011,9.791665786241706,8,667,20.988513145016647,132.16914912283187,24.921064781859474,42.52230217896901
1.920504751542708,18.0,4.003622717079245,0,0.6701984560931662,5.077653070311648,96.46469374676772,9.50915190353945,2,532,19.261701866786954,182.98662165279887,30.42751410131023,42.997424871616666
2.00134577352864,0.0,25.82485885191887,1,0.5578935745602789,7.48311000411219,48.68480817696847,10.095018598915937,18,680,20.510073086887083,153.31681340597748,13.942451009390973,46.378486875113786
0.6412985659870702,12.5,1.1477289575814473,1,0.33406311229341695,5.343631203360405,31.525328886357165,3.981248990862283,19,279,15.098773916573357,318.030849625424,39.49348425341909,24.68332838053522
0.22772840266824135,30.0,4.245382822443908,1,0.8771757671250395,4.906482210256446,65.36584894248385,1.1979439202199285,21,435,13.887797186023988,325.779371512612,26.178693850600627,13.212966018009476
1.6592826299384333,25.0,13.295942762329663,0,0.8644038181024933,6.312787709265807,19.78873761819621,9.274745710417369,24,509,13.819057751184948,163.56273559891054,28.8343425422949,26.844414750064157
0.6351193292004036,18.0,15.809719377838974,1,0.8744254016916848,5.52341419840868,53.18972876319886,3.810971101290474,1,643,19.16328555064662,317.482317412386,21.29568837002619,42.87713785931952
0.366288071448976,30.0,25.524237259723407,0,0.4994078436551528,5.842814508107581,85.37155227307116,6.545258460467319,21,600,16.363188627826784,265.0287836788639,31.955642561379936,19.80793966476429
2.3694716437179157,30.0,20.45694232185723,1,0.7354054172908304,4.631392876776706,24.320337642704118,9.816351489544168,7,537,12.536243828645315,173.57247241784054,24.338693011702205,42.8489146446661
0.633584266972939,18.0,3.713822455162968,0,0.8186979847862967,5.410174620232916,45.14086486231132,11.828774963195249,6,378,19.353390759326032,134.44511957225342,10.451727734675785,14.942321913522797
1.8004020458244177,0.0,12.7313292869368,0,0.7376355171526257,5.253075901597329,52.46850955033035,6.487632888270553,16,588,21.309248757173705,276.72698511040903,12.272960915571387,31.3096238652968
0.7260995900587082,18.0,20.284292802268254,1,0.6707266486745975,6.319362867106768,78.0349140376411,8.553808195457998,23,286,19.59716510826501,353.72759569336836,22.85843712238105,9.978240290359043
1.247306680382228,25.0,16.261570152867428,1,0.8987053547081396,5.967473328710463,52.52846296030422,1.825320133560544,2,648,19.46493512251886,208.91172002121994,2.415007713333626,41.94467594159707
2.4158352208333764,18.0,4.198596334900548,0,0.7985935418544592,6.308808563366593,57.54221266304576,4.022862980876761,6,286,14.132459705749739,248.2169986005005,22.757693094961564,28.955576746432516
2.6696704240544435,0.0,10.617411811960746,0,0.8082896254012808,6.798479342301083,99.1991718172385,2.8775862537646058,10,363,12.36929205807203,213.4162859274635,26.38737662943952,12.290135273175412
3.643507472568781,0.0,21.434731512130195,1,0.3304145615988492,6.102213312683396,94.59133955388594,11.96936763736284,8,400,16.928942059750725,145.8908316249015,2.06929101297791,14.341853906979289
0.5209749965623378,18.0,13.296681301195424,0,0.4337769967946471,6.372440670970292,5.173532545182129,7.269627404257508,11,244,19.97561186205804,333.59987472381476,25.698766445956515,36.60174293870425
2.6292764995635514,12.5,23.405700400097285,0,0.4799885800785194,5.869244459509718,40.95569366959982,2.6615203541119175,15,319,17.138683279318023,130.20955591067485,5.446806787918162,49.08354439268371
1.9753815881785015,30.0,19.615710778662983,0,0.762911982287665,6.095879271366974,13.060721374323652,4.444147424507224,10,209,21.446202961337825,106.93675209693171,18.71421851372946,14.89916435706392
0.9494596862848665,30.0,26.139421629475855,0,0.599865973939584,7.951175817775412,63.58841502067696,9.700239954437492,8,433,17.857170979713977,134.06194905353928,13.937940862422213,34.755995104790294
0.14465091640960326,25.0,8.662905227155639,0,0.8247011981647208,6.938753275317236,93.57361757234372,6.701062035557732,16,377,12.26025535430482,248.10089617444433,11.022101802097664,33.71506721351855
1.668811673138107,0.0,11.846327553577837,1,0.7194707375041809,6.498444327899988,91.65008483687916,5.143940980005741,6,404,14.979285731495331,229.65222069995653,29.957744626301427,25.506647156968008
4.146497235088335,30.0,8.156716322024941,1,0.8453796057818623,6.245221115497894,78.83194973179779,2.3402141701294594,24,508,13.788380878012767,275.6097934755998,19.191729797422358,25.81301165399301
5.2802979608409135,25.0,12.850497635240758,1,0.8124305080801206,6.405611793846152,76.08025987276442,5.654977230987009,21,233,17.285354210443874,182.87660836355502,15.250348560877443,10.159084148406698
1.3614554636750378,25.0,23.084060042545072,1,0.7290506701853339,5.683492304798201,55.73618956223292,3.7073433591185396,24,184,20.739377671398138,212.9651253023986,4.43428945732854,15.481192221394315
1.863739373667328,0.0,7.463867507952769,0,0.5356558769547733,6.9228138150110565,14.839813130059385,4.09380165636145,21,365,16.968358589022372,362.0252312778787,11.98146447154717,10.272507581491148
1.5060434049081615,12.5,10.012550278892371,1,0.7259797152250556,6.30946987555257,36.53993187599385,5.835216097539677,9,699,20.739785258505478,366.33893115989537,3.9206726065681075,12.705829703007247
3.05204951425374,0.0,11.978606164557675,1,0.5271170786308542,5.3777298936893105,49.853742035317865,1.1254069004114644,1,432,19.31517729870226,160.267270669828,3.270631277496065,40.9500012851819
2.245311624591533,18.0,17.72689462827065,0,0.3115710854741341,5.623106602654654,30.19485260337503,4.826891226524432,15,380,17.979835050599327,244.95077830197712,22.232846646406607,44.378099464819044
1.6584490401226768,25.0,22.198437683940597,0,0.8834736991253549,5.920904985463436,25.079694290437924,3.9781832695973356,12,467,15.081532833390677,148.40811165141145,3.8386469904575105,16.626513269530108
1.1251762896423083,30.0,8.175810336409011,0,0.3024053886269754,6.586142733792631,81.8543630704533,6.803923198169317,15,665,21.58776221389075,351.0559382378591,6.691327920524965,14.948680771617008
5.2325519478173526,25.0,3.803046295189943,1,0.5663001727979636,4.966243824525176,81.78198034919397,3.2865936671528537,16,639,20.20641434953789,290.9298818772426,21.600485938487,42.54019032357085
0.14584833046395584,25.0,3.8156838486227214,1,0.7764394947047164,6.469323844005546,1.6087641328214954,3.964982573477087,15,619,20.33107948686138,324.9091433346374,14.058459119663242,29.47447105953225
2.5438366048484298,18.0,19.036312310429995,1,0.3416886735210821,6.92034497874641,36.02092283069372,11.470930671510185,24,229,17.139178675258886,325.047432627944,13.06396892033355,44.620181116018706
1.7529882977843956,12.5,12.149374182890295,0,0.33194910343381917,6.618178612983971,65.82505759662294,8.503563614605547,4,657,18.50361876625976,353.3086603099524,4.811367681048084,12.105648731279324
0.8029499589830433,25.0,8.145473190920164,0,0.7970894922206687,5.3393694370913565,99.83542634071787,7.125816642370866,3,428,18.56641966142896,354.8025405512851,29.918800936422997,20.103385558966664
0.45819074447018904,0.0,6.632432108107956,1,0.7311309082518281,4.872906239839386,3.800924367592205,7.199752461222632,14,393,20.976442596952463,220.87573361396522,14.151234820733661,10.134759620237507
2.1760160312717005,25.0,5.481389394627907,1,0.5461336724563511,6.2788763951519,47.79353719592449,8.626300682502896,1,518,16.729619237314573,261.9999574605733,36.95167274863333,23.863979421783636
4.280208078671519,18.0,3.1723564313384203,1,0.6157629749751075,6.6821603045200275,95.58933158678565,5.2540418159930145,9,252,14.8153692065811,133.10889784810436,21.06535730176021,28.306074982564837
0.07095333748980692,25.0,8.855182834970956,0,0.776831454565686,6.542776129483634,73.07225645434217,7.652609470315572,11,203,21.52880135931501,293.53265951675854,13.228229281855745,32.320442857699454
0.09347303426245834,18.0,20.765951556061975,1,0.6096262364041468,4.395413892631131,61.11566452569834,10.501985060071872,4,462,21.06550784475926,118.6354380886456,10.424427764632831,11.97470985268182
2.9961860917243976,0.0,9.991436996148035,1,0.6094287016094595,6.812251483468776,83.18404311150604,2.5990725039015996,20,535,17.14877596330615,209.60553905960978,12.318778561721574,11.703893008815971
1.1698745202373122,30.0,16.956723882893417,1,0.40392537313668314,5.667556793679134,25.079412102954375,6.969306295684067,13,381,19.92737406616832,269.28130729896003,24.217999277213654,23.21018344841697
2.800394122853002,18.0,23.647768889302927,1,0.6180550763697765,6.4949606356400515,50.140243640029084,2.629499253820887,12,252,16.714694092783013,171.06051240204553,30.435423540824534,18.627866097182743
2.234630620189982,30.0,13.533865907051366,0,0.5228210908631249,6.420970832290937,50.528260501591845,1.8301987374909254,1,328,14.470453939218533,207.95957528701106,16.084715608694378,25.215231193119692
0.8405698028053041,0.0,23.370002092088857,0,0.7116800510344623,6.0299255641139995,58.19414576916039,10.900980986502383,22,201,17.823008402458736,391.1654984913183,32.44957188847826,46.273387970696554
2.1010229908492226,0.0,23.837236971999427,0,0.37967471592883184,6.235384033814092,39.44817412913393,5.655446874648469,13,525,19.049539258845307,263.170656751912,12.302528655163163,13.263934750930286
0.5352436507665284,12.5,25.80949562672243,1,0.7224522576437447,5.586444887872617,31.051746220721903,11.662386670570191,6,654,13.187345641874563,291.9531851422703,11.454331000381227,21.988737499262406
1.9978208935913575,30.0,15.01211064335983,0,0.39380810357079465,7.1298740926845205,69.88895812469958,11.901665745744666,22,480,18.537804883526068,238.56159718351515,28.74849508140775,14.377274350959965
1.7556983907915535,12.5,24.60835281599492,1,0.7348348276461564,4.784656274884327,80.75672732576568,1.4080201843755886,15,227,19.218855482263773,297.73518642002523,24.192083519539807,9.818359967918362
2.5277764479754836,25.0,19.01678596595833,0,0.6068487303687641,5.963100287425961,95.17985797736986,9.507631068812817,24,690,15.683055157026601,346.173229223543,6.512913663786359,19.105384268983904
3.0621657337547843,25.0,7.5889489178966345,1,0.7421977838783238,5.58857941110403,31.749542340022185,1.4701816923753288,19,475,21.88854359444288,294.03391175689285,23.484910221470475,43.332040945956834
0.3283220310548389,0.0,16.35418278868506,0,0.37676478092900345,5.63336803379853,92.74564857762316,4.452281724653618,9,523,13.88841330195505,315.3426840595864,3.704907311115307,14.583152040498726
0.412644553417602,0.0,20.409456724459563,1,0.3789021308931746,4.831743401749353,32.65423645615145,4.099773838693935,21,644,12.077673543442302,349.4932724419873,8.15185395217889,8.061040372374123
0.9016403871779166,30.0,23.445543819008694,1,0.8816745892597648,5.991970354379966,56.52170164920705,1.2607769960922974,22,542,13.950681927065371,299.40698876531553,20.551375719327993,32.60304764282425
0.9222353009206886,25.0,10.24259652610288,0,0.3541709302207252,5.827973141210491,58.73791144112539,8.045462054612916,1,660,20.9696978707592,233.7945136256752,8.213299450692672,35.51999834463932
0.6046020154307434,12.5,26.528887070408846,0,0.8349948103870646,5.757968498901429,48.35738308195239,4.980318664452748,21,494,18.661993240654958,124.60554569189372,2.595379989653966,34.95800128780708
1.432885987997845,0.0,1.6768103263535123,1,0.5279147970031268,6.638805008542458,75.7760464916616,10.614801079911082,16,250,19.185462954702828,322.1619242992741,17.011003665690215,35.353492477140556
1.2984221592659613,30.0,24.719917036980462,1,0.7924309853023097,4.23013149319076,26.65872470214058,8.333141379900695,8,282,13.791285028029545,379.0916464954936,19.699676682244284,49.85398036933799
1.1449166388550496,18.0,24.902343517230676,0,0.433702677029683,4.77576609227366,11.396257573739867,1.3611509994411626,13,377,19.423830524858406,121.36205088198099,32.40685617254184,17.335349357277003
4.612077009890717,30.0,15.986243791452804,1,0.3228228234186206,6.100155953481131,77.87181795648968,9.475896419288341,10,691,15.518831436787826,176.50195085870098,22.323699105106293,16.707970635041473
0.5899908016865267,0.0,13.724612165531846,0,0.5024027994991016,6.596839149870401,31.428346220248596,10.763934568195124,12,247,17.35424348460332,180.20562906743194,28.93115019369453,47.14072609738515
2.350173947737251,30.0,16.930038046903093,1,0.7939047091323137,5.828424360426191,50.78658615296824,4.607413659025989,21,434,21.22713162473,315.33983134719773,26.896222783656352,27.41174362988743
3.966534254257765,30.0,17.77228602101049,1,0.7480179737818624,6.655824683544168,36.96311759664628,11.315211892417928,12,253,12.057066621360836,336.932556328956,20.394391866334967,19.727706453482334
0.09299978878409287,12.5,24.194328077876943,1,0.4437692520488012,5.561912247410569,30.095543725122234,3.92573503781108,16,427,12.258778047467057,111.81598726647294,16.67054320454671,35.85736171746615
2.9356034993806057,18.0,22.830622715498556,1,0.7769158452039793,6.885392937076016,53.78329604540273,11.762895074745257,4,688,16.983454329857658,209.70881163783292,3.2653508900259873,11.30800773188102
2.608571017649906,18.0,25.605752769380192,1,0.5713582586279773,5.767301727392445,98.73163847241558,3.373367886701674,19,704,21.433157734590285,160.70529041805938,37.88899094754457,32.12164201347427
1.9872732009463934,30.0,23.257794225354175,1,0.6648933475590675,4.794109488402199,50.695239951572695,11.457205290138191,20,398,12.520721533373212,334.60274169334923,11.53855312892285,27.824167750902927
1.1555249323277579,12.5,16.39032428099228,0,0.33328314220617594,6.20222645650778,97.4225337942088,4.133065529578112,11,240,13.841876305238175,164.65117652802465,16.029436826571203,7.65671017448214
0.7775685257171505,18.0,6.717606066235303,1,0.8125732481788033,5.365907405999199,53.87788822368522,10.315425714973996,20,537,17.750484113535705,145.12928387104614,18.96388468396447,44.177976884653944
0.42784649973829636,12.5,14.980183558377583,0,0.6946107800902737,6.5940395526623545,49.13493928840645,11.074862562545437,11,192,20.68442006570575,286.0222760549127,2.895993569326259,21.67001037092513
0.47162846354387133,0.0,20.364845486314763,0,0.3904916491371331,5.219826026740335,94.8718735310159,4.6615689414640125,5,679,13.12585825480314,285.26210195391843,3.7310887922532454,41.41169019830309
0.31322759363636776,18.0,24.071632569967278,1,0.5280630214958215,6.196232451590346,42.24743186771525,9.825921560280467,1,343,21.952294477630687,337.15100754083176,6.393480335460804,47.895061391675036
1.9403415535667698,18.0,11.02495279015552,1,0.6295761119693908,5.883729797040697,66.49403838126608,7.6154890411432286,13,423,21.81165672217206,132.9219315795298,29.79397570793877,6.6086548190013445
2.288820301036051,12.5,7.072170239314978,1,0.6447952928151088,6.556222630399006,44.566509420182825,1.267747117502637,14,639,20.711364258228933,369.74187348978313,12.224363247251448,21.869431944096256
1.9662071588752155,12.5,19.582562805283725,1,0.8713762608984137,5.206049163544027,73.12999239072973,11.494432039292638,11,306,16.34629477323419,345.7065443675739,39.69080363570039,26.331096868287187
2.2715894916708987,12.5,22.485949050322287,1,0.8788418795781332,6.359951384386432,57.62534097162385,10.133394597540406,2,215,21.23155548540836,140.33818678004215,8.390402455131554,25.192848745108474
0.9403888651334172,12.5,12.94607180349793,0,0.4217095792266284,6.383707606424431,13.901318485735626,5.0562448311208215,1,592,13.678083093998163,174.9018599716168,1.4900477848554199,31.92783422555118
0.03875989886803999,12.5,24.53948943537056,1,0.7619955210911293,7.34680737350289,50.574385170168604,1.140866294781736,24,442,19.498207406644664,359.22342233815095,28.162236583019094,7.573346940278401
4.677628701824452,25.0,15.93065091482248,1,0.8052310775398788,5.672558761273745,29.3687754113341,9.148314933659254,9,474,21.305259602357694,162.49368249091026,39.006102160364506,7.731721207357525
3.3899566728727355,12.5,12.475080191614657,0,0.752620457636423,5.708481276463706,37.708541902647006,9.799240769506758,12,623,16.29263038881545,229.48683499008976,5.234245678482162,45.38468208845591
1.3742740562798144,30.0,15.873572439454305,1,0.3095524202155645,6.043447395989395,29.362500560599006,11.248278320690474,3,358,17.33377440259553,222.74805384232465,28.99312965167267,33.996165681891654
0.009164445783540698,0.0,18.514167083181754,0,0.4770255749487814,6.918989424749598,19.47814951695306,9.25335434833877,21,549,18.29852777010662,246.6771952907153,21.00384106481583,30.853414344956928
1.4138825160544704,12.5,8.26651287738217,0,0.8117915656402788,5.503938996029322,56.17718323033799,2.680786939504346,6,289,14.019164802758901,157.55474224697383,33.125865847705036,5.7291845759381586
5.145193734502246,30.0,20.03938937858952,0,0.3791515718985093,5.789886743727017,55.99056765928437,6.511624084732525,7,522,20.699662695346284,276.92077530945363,1.7856623558867695,12.6975038860065
0.10789765946896124,25.0,22.22486239337809,0,0.7913063302463768,5.96956872348111,81.7675361150268,10.363546031981127,11,533,13.926360944714396,394.28964274064066,18.986428406660103,44.100260882867076
2.1649373437199584,12.5,22.124263264799126,0,0.4172497668184396,5.972571092062647,3.0757925290738193,11.518840029449448,10,509,20.064423147449883,364.28963681658195,8.75240913392809,30.66276232852329
0.9714244160678628,0.0,13.474250822554145,0,0.5649700738065033,6.498212327423519,74.7669159561262,3.4634246630940466,19,653,20.4069654754618,281.10525458550217,35.470581564905814,40.182414769492084
1.275682223707012,30.0,12.243798776985894,0,0.4522311092337158,5.060897540876338,94.32517047255011,5.160577423131581,9,544,19.11343898758904,304.0029542865586,14.01792472916658,49.499345392906484
0.20223108812358148,25.0,22.710836152073938,0,0.334959368577692,6.456178736301348,12.174422471580352,3.5894706509481678,22,451,16.488164823581215,106.8498335162706,6.376885879726039,27.2199556668422
0.9138916441711004,30.0,23.496928343501665,1,0.8712326293555583,6.77548934205613,33.13109482996479,10.559686026059419,22,357,13.650041485818157,152.01540637838895,37.0134702932828,32.65474900468554
0.6856912923697678,0.0,16.532279766580455,0,0.79135822383339,6.805338552914565,16.645830529716065,11.391897148502172,22,360,17.70515027963924,111.01862065506701,2.410592245707762,48.15208754208539
1.8378096991783135,25.0,25.191445808854954,1,0.5508618808176908,5.576277403339423,7.3676280922616,7.311980945858195,21,687,20.573736778154363,175.34495772856548,34.53913333544608,39.144174302542105
2.3954367802106793,0.0,15.691982788592055,1,0.6540242146449352,6.0455391197367225,70.47317595260716,4.912226983857037,4,251,16.766532239154827,265.19864201578514,30.770109564673856,30.577186928351143
0.32501637968418917,18.0,8.211301377295207,1,0.33974536994029314,6.755173754632386,69.52926635034436,10.45502543213938,17,401,21.911297362252313,332.80283878045657,22.172604140060187,19.93877932121738
1.043381114435706,12.5,26.55334366479494,1,0.7261457795011372,6.275156719534959,54.33931743539647,3.328012950587886,13,706,16.49012657545215,303.4597375798845,16.532588724523364,24.077497767111243
0.5789438104011166,18.0,12.012274927671113,1,0.794842041043771,5.561174681945313,70.69306342060554,5.894861768501221,5,619,17.538952466074488,377.2261764603348,34.39865257620049,28.885479125395758
1.8987027225559756,30.0,20.052338596515163,1,0.6109863740204065,4.932672750651856,66.75140807514659,1.302260111387592,12,326,17.895127582365333,310.39370478140233,20.010464445777814,48.11330569017162
2.7920115613336947,0.0,21.24663791184169,1,0.40315715295351046,6.513157511742731,96.74677290333186,7.123049177541496,11,559,19.87389497531247,354.93496672491494,12.742386302388145,49.230682945889555
0.5672072452081232,18.0,22.379854672195997,1,0.8656590980758734,5.870847852257385,24.37722532239393,1.1698946162459405,16,401,16.10069535611644,217.37115132334065,4.3115720729321305,19.732380716722947
2.9888952534482716,0.0,7.708962163695409,0,0.7481883050617921,6.435688376737845,41.80117224320487,8.154662368034252,8,495,13.46528180317334,264.7259754273872,39.9598186770976,43.063761207963005
1.562546887730832,25.0,5.574936895326968,0,0.36473381608520145,6.042113432812166,28.910643938864073,6.9382303642776835,21,371,16.10058381002809,380.07881613564007,21.95577516012099,20.577570626341448
1.3558273308432187,0.0,14.207333904478164,1,0.3294554878047452,6.215783525551668,65.11894504320105,9.136477288939044,20,243,12.606685360800693,222.53969844900536,13.86955140755322,38.28205522425029
1.2620528526346368,12.5,23.69069612597847,0,0.7417985388951435,7.346828082101666,16.34768365791134,10.637861531928944,2,342,21.089885422449083,232.76307818947544,10.484512497444845,32.05197954884268
0.3410109525649838,30.0,3.5012742399031866,1,0.43084433207093253,5.312395819753358,99.47133950894995,2.5679617410195523,1,696,17.666078774767136,261.5026841606925,39.374349291714715,43.53725238273832
0.37099263456082265,30.0,15.188899954483732,1,0.7577616555071256,5.282325039993895,42.16495671816763,6.414968801302687,15,333,13.827120955317149,183.84212607010966,27.461239024508227,15.992705018675139
2.345357934436505,0.0,1.756161187826975,1,0.4784321552927402,4.662459764105297,62.15497649560684,8.56505329477659,15,487,13.17299111822643,254.98939978416186,36.9129210471381,31.42067914122127
0.08090855040193623,18.0,23.427281511028994,1,0.5757218598060709,6.338524758563063,2.8068809143372206,8.725462762197385,17,468,13.928374530169222,269.41142718209795,13.740849386854993,24.52859380640354
2.162636115783845,25.0,18.659513199887282,1,0.8525807785947306,6.84505255706828,49.60020602496778,4.053236834128826,5,606,18.109489181236864,263.26642350996735,5.309458607496342,11.896111112651512
1.1092267905150552,0.0,23.867258849539073,0,0.3139778895889653,6.282274729648147,68.30533671985245,3.3522985841876456,8,285,12.133422122434117,173.0123260213137,19.327482092418563,42.717637661182785
0.3907229212083454,18.0,11.120073582202355,0,0.7893888531551851,6.464294643120131,34.168110287975175,4.219110066693694,17,396,18.239808372680862,268.0476160681146,33.0922728811263,27.92009841664236
1.0362714200717758,0.0,13.250489877762167,1,0.40597237734800323,6.218877912958777,26.123792526447303,8.443966518018511,13,670,21.259171807781616,102.35786652947417,7.948438831743446,24.27451919201375
1.359435236050072,25.0,4.02270947511556,1,0.6865450351020477,5.162664891563146,17.33529443136975,5.042553118722821,18,394,20.96252161559507,171.33618623057367,39.0515379611069,19.545944184605354
0.4426709869809824,25.0,20.62950032471674,0,0.3181663877990821,6.824916917689735,47.80790858879698,4.092192991097654,15,382,19.08505924032822,310.5733660188946,27.80780674800178,35.43220971605489
0.156309253127365,18.0,5.834749365708469,0,0.4443574561135054,6.961358123412333,7.667815270975859,6.0247559060441915,9,535,13.193421495114457,387.1423731519192,3.515582998239078,9.230647362995033
0.2714623413684961,12.5,21.948277581049133,1,0.8584562733120065,6.335499092128888,6.683590434494789,1.0276459009116263,12,506,15.942810487861397,310.12735126267324,8.44483519149243,45.291972453071836
1.511016398979558,25.0,13.864151782118803,1,0.554335980313857,7.3883622058487335,54.44897544748466,5.890940375950537,14,213,14.923283715177204,141.0321957325331,1.3805756813152474,8.924411995668208
0.643018334111453,0.0,2.463929125407032,1,0.7218253070745378,5.799919714764158,54.037576283446185,1.7297694295772814,2,529,21.108321193604624,309.3652785971093,22.40424817407275,12.899853577617037
0.07084111800493109,18.0,17.543325012680153,0,0.3435404005849106,4.900268611239815,33.317516207664895,3.970629191397318,3,462,17.44582027568148,117.17591998437295,13.08323562046772,35.39697670043171
1.5339472226204074,12.5,12.905397341243217,1,0.7607659526460087,7.020306273655729,10.546931079644294,5.985559367371618,14,629,12.357490713647632,310.2477470786149,30.189760067116143,42.62967537334565
0.9758818796351432,12.5,11.219057373021437,1,0.6297607849869293,5.803548751205669,95.52831229750494,11.837104644792504,17,547,21.218350267146675,113.7427346390387,25.985381208681748,36.44004784899957
0.6893161894672732,18.0,18.3571273570715,0,0.47202596914529693,6.134766723795448,63.70970468541352,3.2219454592801045,5,465,21.948020829258382,162.1222472587614,1.5022541537697272,6.514215442856406
2.9702292663222902,25.0,7.042344023374898,0,0.7197910648781236,6.826229084984564,14.174824053304045,6.846461706192484,16,341,19.007115138367826,349.8845318504423,30.517060808789623,27.76711842435369
4.150870958630519,18.0,15.112012220138663,1,0.5344941928497404,5.901661347597053,27.97259073687126,9.131121606262274,15,591,15.27569056130341,112.96830198365844,9.930158434316754,17.83457277591286
0.34857171861275227,25.0,20.81608961416187,0,0.48925763615547935,6.206665621124467,22.8039516310392,8.757487854830856,8,666,15.049121791808012,363.7375968716037,4.380294124179375,41.109996808564574
3.2095704400658485,30.0,17.25031142805689,1,0.5413273359722792,6.959821451236694,60.33045186220406,7.240134490647891,2,599,16.774613776877615,222.32519620917736,12.91816148140272,12.69967196835945
1.1067430799948734,25.0,15.157445208834488,1,0.6669994504317953,5.861595844523884,74.32492764823257,8.235993005988632,10,445,15.239736256458565,266.1625248628019,28.077171926483484,8.071464073158246
1.9542558543089383,25.0,2.836238966372862,0,0.41084986375657717,6.139850396145641,72.5732033797784,8.468138514233214,5,709,13.012767277601307,198.262477128647,18.485724732651335,49.247082993665835
2.0531568606831176,25.0,12.82492177663505,0,0.49317250065812046,5.829552569510614,59.41555059417971,3.366911464247638,13,542,17.131221964115362,317.27616191372863,3.8440755767593715,42.80115653770232
0.6685562956453963,25.0,4.0289792138091185,1,0.7359045971617906,5.947514154539317,46.85267994270315,3.8340197097436306,21,423,12.91891890644217,392.9115056212842,9.14975905685846,36.325414579017036
2.360647866463912,0.0,1.9935590075241665,1,0.3513174765321019,5.637327228505883,59.2892658274848,11.314573184028971,9,184,17.45823240877262,311.93513627578136,16.47092448999686,28.349589053052327
1.5037788929350455,25.0,6.725567758188857,0,0.5313680731479011,5.843174995264727,89.07932811807169,5.431489358414214,3,540,12.172184860809354,224.3964603808394,28.57188570973123,14.48079254815939
3.0513569376532077,25.0,11.875860689041499,1,0.35390218321905553,5.908614042762353,32.068533809821396,1.2366675650128702,4,448,13.611166334783181,334.4166034571623,21.277564002673916,5.674847571249289
1.0788266655565062,25.0,26.10842658307513,1,0.5980696234537444,6.414924099666845,14.030464208865427,7.537654611403646,7,449,16.102808957959382,237.49878608147134,16.802817786872833,44.38567836644859
5.062427460651126,0.0,16.855773109408023,0,0.8464186122630861,6.40471939122733,39.244201333532,8.61336729298555,23,677,19.424876089427336,105.08543547927577,17.1438233940213,19.545918096866146
0.42411867347123766,18.0,22.557631056142498,1,0.6854517717934344,6.462199721746114,50.88510730580491,3.8070772877786427,24,276,20.791038531715984,161.66332453046493,35.865918943415465,34.88363017986177
1.7853102141402215,12.5,15.563944051343398,1,0.6088604661126322,6.8760083246872155,8.056200589007537,3.820025874706339,2,185,14.535780498339797,130.47029777074545,32.871914175726374,44.47294905322905
4.329693051683573,0.0,19.823836142726265,0,0.7559785270044383,5.87332199385935,4.3161459487073985,1.875244152980902,3,531,12.608374673845834,262.4730607883487,22.81329079143628,6.25090398397116
0.7345342479601977,25.0,11.815198018641674,0,0.6812181752727644,6.450697218652914,8.371107443880174,8.276882199727646,13,422,14.560959497750023,244.9328995132597,35.069907883157,20.96854340483967
0.9594686327978266,25.0,1.484872490221864,1,0.6639167228697498,5.538304630793909,38.4890568379648,6.7636908405236404,23,290,16.29559265900401,200.57442169571888,28.631693034111695,6.486715421000559
1.724479710342404,12.5,13.083147750162585,1,0.7617122446147513,6.346538625450234,66.34815880526178,9.850658903855098,12,590,16.364316012670457,164.54485270990472,17.184814407795475,41.091810217565104
0.8162609679269208,18.0,21.915388161436795,0,0.8156682196893341,6.127720457092874,51.11880190901671,1.4421358112409197,24,301,17.130850811539794,358.6194012408359,22.57965137097312,17.209567327347884
0.6308219264345651,18.0,7.892976964058814,1,0.7941847256012852,5.24192985752555,21.76435323614401,6.087501106462183,18,348,15.615425732313614,285.58721971762895,3.913872049680971,27.542577063451244
1.7631640988921937,25.0,22.27038313685474,0,0.36442604495092684,5.790915407717445,37.55921482191676,9.711417174543447,5,202,16.706301158433398,209.45720257338002,24.089014789125887,10.652523905333613
2.369530539010615,25.0,24.369726365652337,1,0.8722430383564561,6.321687550488044,25.631946850307273,2.352941782577805,1,412,12.918133492583936,327.03613288710045,19.865862144900177,19.512122757569628
4.318829677475254,18.0,17.089169216929793,1,0.5261493078530612,4.8884522331892555,13.517283078745786,5.014147254875987,20,192,13.530187401627977,170.6821185829097,16.092529848522293,22.00516888703934
0.7188337869887359,25.0,1.558505198892544,0,0.4163318629588486,5.32126404412435,86.15833378973201,3.080191843774651,8,628,18.058964850267916,138.91326011876993,23.680332647442132,15.439363410680016
0.49384770119245014,12.5,12.51071742315472,0,0.6268711258236499,5.612179074535538,32.51707395716258,11.784594885387188,10,453,19.021071150932315,308.7042684383556,31.116111359392644,41.98925234192508
0.7938141128438696,30.0,12.97324741936346,1,0.5898724846052239,6.813471096524164,74.07295478622554,8.641314603555443,7,380,21.902349230283534,269.5564414397527,38.0433089440223,14.954079663546882
1.2800558696159743,25.0,3.965641643046772,0,0.5336706396606429,5.639632881555752,63.51761087795809,4.577534822277267,10,438,19.48797692488991,211.45856463729692,5.111385992086004,31.896569519635765
1.07152432562139,0.0,21.171411215969226,1,0.8774849804926272,5.258325861076603,6.057934669342087,10.20409399691476,8,397,13.664844605365252,186.63135929009485,35.769258570520485,26.45816666029703
1.0927453870042232,18.0,24.188404818614817,0,0.7894312208354216,4.690015972171864,3.742748520475095,10.754732354470839,5,196,17.42537898927584,258.89508991670704,17.403987208499952,37.85101746619825
1.0469421222611213,0.0,20.007549186491836,0,0.8787499393060221,6.458061041647175,73.28796645087695,11.90048840019746,6,255,17.831292628049997,336.16114862036466,3.9225834545498284,5.18076449866335
1.029128905113375,12.5,9.218374422657494,0,0.6989882819035709,6.244485622888925,90.62451643519881,3.891885414726515,23,644,14.62503777962402,136.62402682985592,16.256877574850602,33.29098928967187
2.1213411539202847,0.0,15.480434790247054,0,0.4194680174397606,5.898028856179746,90.08028982852855,11.299875961501122,14,616,21.485078337138738,202.3560218550924,29.402660697496263,20.955027447627252
0.6814908629672011,30.0,15.457512770458123,0,0.6453998395944079,6.311670706031171,32.56298144970732,2.360305351846917,22,385,14.49326536435824,261.91401545889266,31.967576706632585,34.07153064785274
1.3842597652732436,25.0,26.268471792264823,0,0.5104135425428777,6.40858139669832,82.21068420638859,4.204770236031743,23,701,16.503060557355933,271.80192419992756,28.507499322185303,28.18959794949867
1.9834911277210248,18.0,12.454025607663501,0,0.8790232163713363,6.564423813997485,47.96252139623095,10.94887661076644,4,468,12.99094660370193,114.98504242211837,26.442421404561962,46.689854197203395
0.16373902333584978,12.5,24.985586131656575,0,0.5224724745473275,6.665400608765712,71.39343692982858,6.579418157519616,24,306,17.12102752417026,239.66873972311794,38.78969725405138,5.181354948491561
4.973427264888537,0.0,7.051162201468209,0,0.31641452214059695,5.992535828656463,97.97166132958554,6.82366602538334,4,393,13.3752431813009,398.49663248508324,34.69179760013766,30.246390161250158
0.3681353253605921,18.0,26.827281158126972,0,0.48979251516688066,6.903035559239782,21.683264974112276,9.709257746398244,13,700,20.45318393095404,236.94135340874695,5.7481696708896575,14.98491422520243
0.1145674045391194,25.0,5.741218242828186,0,0.35908661150054005,6.724217354238173,84.24262484129768,4.592362449189482,20,255,13.921412882527365,286.61805262729,22.385116387264524,16.78057429422878
0.4381136309916809,25.0,18.48898230595374,0,0.7513700771141617,5.601309543333463,69.32830169463732,11.843634047243565,17,345,14.549667263458048,138.48423798907197,35.898207357629275,44.78686130760565
1.598919425953178,0.0,4.940985835861598,0,0.41004754490419826,5.84383905809317,8.392050916476762,2.60538904573104,18,417,20.000728105606616,365.4050183939399,5.004204626261954,30.936185553878307
1.9075749588421305,25.0,22.196043557482625,0,0.8663013101211958,6.4788146515720655,8.787075655309236,3.939683064448434,11,434,20.90050308366157,128.45490891036764,6.676265554366964,28.954356779609178
0.6214278789387149,12.5,9.241883096464543,0,0.3874622599036198,6.602275899321766,92.90933915118755,9.416851201888706,17,352,18.726522993931194,299.2297209497425,36.67705896425218,17.97856910741166
0.06316617355198195,30.0,5.148052394739327,0,0.652595529350991,6.942860002559727,63.07288817367665,5.773008021747601,16,624,20.71049143205595,170.42029040115443,10.57442568468031,33.680130659479005
1.4967196860614802,30.0,8.98492923798695,1,0.6174222604922406,7.373199900313534,7.604361513053506,5.783866386150908,17,520,16.86553389983049,333.87176440178087,26.27481537690937,20.499932675811714
1.122503625293936,12.5,11.513730966156112,1,0.5175374888005996,4.758665491654491,26.91304918855663,5.918053249688242,17,323,13.506991803691642,183.00720145069596,13.468422909404525,43.15776653837251
0.05360282672038075,25.0,1.0680065199317212,1,0.8365992981363077,5.658399514907034,36.260097388615186,11.610927758755587,14,705,19.346252804121093,274.8747497473056,28.684765417137992,32.075369091795096
0.8842987272804617,12.5,17.101438458834416,1,0.7753479884735386,5.720155015329675,81.66840435509856,8.887770556298818,19,357,17.921341247669922,152.70213004674565,38.684717735037,30.495867039543892
1.3628231611101271,18.0,9.74808080695049,0,0.6707146763132367,5.828182982928102,87.31107099251076,7.786653747068102,2,458,20.511447060637295,193.7717567829901,3.38136656702022,32.80077332755184
1.65663175529028,30.0,10.539941858608998,1,0.6209303924961129,7.698743310101035,91.82621339772545,3.848437512016327,15,652,13.676092025100836,178.79221109470507,17.02070153684174,43.13840445015306
2.5855454025241404,0.0,9.268423693767405,1,0.7292001190003179,5.4215277960657176,74.12490989930848,1.9822688801758659,4,646,14.817721000712222,295.6104775565139,32.47466777906173,13.198019670737335
0.7004493080440795,30.0,1.0845881242884734,1,0.8916434358431593,5.686604561633619,90.07425634553053,10.119429917800634,8,555,20.794277937159343,164.32456889125257,2.3185695104277446,44.97521526331322
4.921370844397435,0.0,17.258497046567335,0,0.7541243736972145,5.871580408263338,12.88505183561532,10.64940859630876,10,435,19.833145101160007,252.9809532025687,17.799851521687078,43.69959709455777
0.7187502634032146,18.0,19.556831034735524,1,0.45537802528725463,7.156389942577408,95.34956929432623,5.750242542108152,9,396,21.00297515673988,123.39069598793604,16.5427610100124,10.207217520732485
1.7614057069628029,18.0,1.279635724922163,0,0.8649407998777807,5.581439875018296,95.73459406716096,10.630345420889409,1,663,21.505856740812987,197.223899716286,12.637978460752127,28.35644579706394
2.1636558513764728,18.0,18.298568307430415,1,0.6291835120222125,6.329289205417244,86.16468894660355,7.636641135723997,1,421,16.917703694318416,174.568538870285,38.69421181043882,7.866367479711641
3.05205555887942,25.0,24.65738225759265,0,0.6411565546311582,5.568255320131775,48.64789833332049,11.587767976318508,4,221,14.975155220421112,182.0102762054144,37.20048483610349,40.695831753460006
2.783508126832248,18.0,18.887837918361,0,0.864800677634082,5.034405932508702,59.96996135940345,8.639083108848144,10,253,18.169579175905668,127.0110246682179,12.204384609707597,38.029488626666854
4.0107188559139475,30.0,5.2920572333325495,0,0.33200174695389884,5.638055043541559,8.820705874143929,6.786060239611105,21,346,17.13014768289633,371.024623785534,21.269543270798874,12.24613997110361
0.022178321398647727,30.0,7.853911711339888,0,0.5104760899860954,5.453259799077905,71.24402918695762,1.5893955433392737,9,302,20.154099341338195,220.13606698294083,21.009274068978037,37.36056151448317
3.9850333209195727,30.0,1.035114959286252,0,0.6824887357578061,5.173944706045467,61.35006564746751,8.83339341510748,22,332,14.105694149385489,227.275680541756,19.428470840962017,46.96566906268127
0.6300679527201776,30.0,13.957314579104294,1,0.34226529819374574,4.50169073653684,98.40623096457459,5.416020865396893,16,329,12.953938909320199,300.1885565285053,28.399558867286466,28.284040472591855
4.8779563094672955,12.5,18.18297473904339,1,0.720565994725541,6.141468533772033,6.322897057564678,6.088251970547241,14,409,21.950492098281657,129.51326125090057,28.31535889834852,28.84130788672745
3.3478267243401367,0.0,14.299340504243016,1,0.43778926339692903,5.7634311252499515,4.425866271332179,3.087121959041502,1,211,19.82416617320164,355.4357995685539,37.78783253200691,6.499052461099723
2.778979942763105,0.0,21.34562054815209,0,0.7784940900803035,5.426797644625088,17.948847557004164,1.488953416347254,16,374,14.61116076221577,212.23603828749725,7.143406517470976,27.713950726856233
5.0641062109896,0.0,16.95679969910703,1,0.583035482745992,4.596511156396729,95.34367655693265,10.710828486759214,19,625,18.872954060750583,271.93303736925066,14.084046906614526,32.87355902120731
1.7981249600546039,25.0,23.854505467548247,0,0.7283660490719911,5.596777735181164,3.7348555293462047,7.48760756790406,23,620,13.168360175154056,164.48805088673288,39.3770670010114,12.131438244555644
0.08900310977581216,25.0,18.387365848562514,0,0.46085683156807156,4.860861786539321,26.02294404929345,11.061553682301444,23,305,18.306978025085712,106.96711447114801,15.987350545044055,44.94875491130794
1.9237940990599132,18.0,2.551976744100666,1,0.3149861574456476,6.73890335606367,86.64645757514437,7.886539182020351,24,537,13.185824726790493,128.57417860454495,8.576122543119018,27.83764180381208
2.276337518390659,0.0,5.856521625816853,1,0.752830292962634,4.615754947563207,95.29532636794771,4.700815862612576,14,414,19.640192436168114,297.9267435203157,25.111370744906225,28.698950247275672
1.6396605539413034,18.0,23.70843603473316,0,0.8249619206786565,5.386477703098263,35.98127624566236,2.787751638488875,21,193,18.662799647545402,297.17250488115434,6.72894099110092,12.792316965602637
0.5470958269996484,0.0,5.557431035831598,1,0.36006466854985447,5.30442580462497,46.60788196047256,6.520200458401291,13,407,17.448828225946848,361.09561626820954,35.98749219072333,22.241524753115222
3.08874725122291,0.0,9.753494797184565,1,0.8341919814121928,6.714168839585717,18.7539927150467,9.70522376816113,17,243,19.53197497197596,354.7465585735967,24.27464841347922,13.627003353220669
0.5237791615196437,12.5,18.04756202662523,1,0.3772610253158058,5.235287323429179,45.55753729597587,3.902374113464643,3,565,19.513373569724138,366.1704868832452,18.837769497884,44.357443504320926
0.36331071467464704,25.0,10.460180079643319,0,0.8617935467757851,6.837707658243788,12.930564988454583,7.3681872843589185,5,535,16.615107672595244,177.99704075972443,30.9107354953206,19.755226836032982
3.027723534546683,30.0,11.554064665881052,0,0.7726289899183882,6.465722953151107,50.99508122950163,2.169133833186512,8,407,15.762769939393014,239.57672578874184,38.066035444348174,18.54544749620337
0.9254286954385252,18.0,21.55053441116689,1,0.8157174431257639,5.751334458398582,26.335104146654572,4.496192164327226,13,210,15.376501705015606,366.1214424169128,10.049405651549758,13.257867599200914
1.8803078745549455,30.0,4.686136137210084,1,0.604822386099121,6.028301497239164,52.30188408396598,10.283303145658335,12,206,17.14969952384555,110.43535406232897,39.79204093655628,28.33046567680984
0.6096838749950004,18.0,22.953389845737046,1,0.3789280073269469,6.780770536470882,61.131011825987436,8.531721451298141,9,523,19.19530945823776,295.138037254782,18.06114901210993,35.14387736304738
4.067677854483572,18.0,25.06298331557129,1,0.5791407423412861,5.9426297194330235,60.53932542135229,10.551303198450247,22,319,13.869899574594724,167.41108584908966,1.5698402817344606,23.920161695785605
0.28786388210919067,18.0,24.48923025560002,0,0.3123067525322396,6.615545101548251,10.84722900799857,10.409203936895546,24,533,20.996437663584324,372.3987458997693,34.988164235592606,28.48235686236736
0.9969258764511898,12.5,17.64637720941673,0,0.432016643081471,6.670434112811389,93.65797454075116,6.119806859680287,2,478,18.3625421882573,230.40424794980368,39.319596539373734,12.236369607483601
0.7482653279973357,30.0,8.933194504055525,0,0.3374891877477191,6.04891309214575,6.062157202726361,5.113810319576542,11,265,19.564296710806797,209.16571818173543,32.139609990634426,9.597599099219423
1.4907207597793761,12.5,22.95425328186987,1,0.8168800768996336,5.6742926483672775,47.208869144514075,6.037294015242912,9,189,12.424439436524288,328.80307561164244,9.276542182559634,13.872796820893916
1.4302789485627838,30.0,18.239186780172744,0,0.6973570342720485,6.3249182201121235,45.763274460987496,6.904386661666499,20,425,17.993377594221382,344.1046420081882,26.27706599370087,25.22723578324302
2.1045110882422264,25.0,20.49145715147185,0,0.38336586677703405,6.186604981228867,21.352802245070194,7.579621712610726,13,201,19.88183663053926,187.6177218789237,26.751400276855623,6.012409936736007
2.725250944714563,30.0,2.4337900366758753,0,0.32448711581848083,5.339433769127528,29.838557487968806,7.683682659588167,23,274,20.817222311714758,337.62488724224477,27.20597767684224,7.280347137245048
0.60462962859801,30.0,3.0465722059601292,0,0.5012411003768908,6.011412524849609,8.971424482085459,10.5831506440941,14,295,18.082384077462073,238.33452049158726,15.049098434594633,15.662895852247539
0.11893150031629118,0.0,7.3840796807336275,1,0.8882029710843629,6.329981174508116,30.963998472656563,3.8632135512578794,14,505,12.585672942222788,372.8429777000422,5.407317823411498,37.25443960197059
1.0419990125457634,0.0,10.448256224802227,1,0.7519295566426403,5.0741926487444555,66.2726165297364,7.276585339365584,5,420,14.763500488414092,222.60581626368048,19.247425355608687,16.25642778633741
0.2194906159040273,0.0,3.5805547362733963,1,0.8171908728267752,5.301294188944659,43.21721703065457,6.696816373145088,7,401,20.21216005129122,119.26976643828797,25.218591698346753,22.621437556422347
0.9871296125143315,18.0,4.1750670776147265,0,0.89474643717785,6.218218371464749,12.606222548458714,2.4017304985034964,11,690,15.765579592987187,175.773330853964,5.864404016802151,23.606234127930843
2.925509653319149,0.0,16.880442177612878,1,0.7310164118977494,6.3969588275908675,12.882333786218254,7.729685943904201,8,503,17.30222323459839,192.33488735262284,6.936878754559966,48.41869593198555
0.006222626559749367,0.0,24.081298461979,0,0.3188628132996641,5.741488662825501,7.5876656462615095,9.616486140082898,11,266,21.81461639011301,295.9885278813648,9.129979163731432,14.555730162261755
0.9614439616424251,12.5,8.226618375718303,0,0.4795131883939914,6.372743042510394,99.67439049004159,4.995792304242182,23,380,18.17737680838485,196.91086290027027,32.90961563499745,34.97774745312527
3.692741589912592,12.5,21.802551949388892,1,0.49370029219949463,5.678396759528423,37.53613865532289,2.6014234950168813,20,340,19.54730944634725,255.4714222356759,10.783235378176329,30.094120131098315
1.3096248125421048,0.0,15.73950594976358,0,0.6928695439109747,5.368010662827038,32.4848401980187,7.335494933712063,18,241,14.618752924311838,147.41719013343945,23.052723230773992,30.758065383362993
1.8949021072001913,0.0,2.6728841885426347,1,0.4701195598156197,5.816482510697439,75.82148319694095,3.541667785131517,11,680,16.676121145438714,306.01236592771806,28.953832684817478,35.753918968141974
0.7636664308417225,18.0,24.524700580869865,0,0.6550405327848142,5.809337930901523,6.0841144782899494,1.9687412038005832,17,274,19.494945923324167,285.4351681377335,30.93715464689808,34.126285216431185
1.0529629494998245,25.0,12.618449728773115,0,0.44870003483991094,5.460528297855847,44.83161047709678,9.930205547540348,1,589,19.018544360764707,245.47025813029094,31.914249928711808,18.002564721929172
2.6058362622680904,30.0,3.560023763317732,0,0.5990802660995881,7.495277719528256,56.41066540800854,2.253382994922238,16,184,18.27474185478268,283.5831932507497,28.117546515319777,26.183277256740446
0.5287407962557873,0.0,17.35137634521894,0,0.866865139661603,4.502222103746605,85.90184843938512,2.206684659775429,24,305,19.823471043089853,127.96382226209128,20.424932268415272,41.43767940067788
1.6756849261840139,30.0,8.953922170294582,1,0.453127194860116,5.412352556019461,25.41517940413546,5.412943010796566,17,374,20.940066233891958,191.45164659791706,13.341182307551684,26.05954156521088
3.4544878158772807,0.0,7.544725275799687,1,0.7874329726694673,6.909307624588818,35.50143760770752,9.275222937714574,18,618,18.71504373596908,370.57010990904104,22.180059867976496,40.76009056059515
3.484826031951498,12.5,21.06816304833301,0,0.5662555323050941,5.2562015785029805,82.95062613308585,7.731580277557031,24,357,13.030542960368347,298.25010195316617,32.354826365526506,25.549115143464356
1.868691417095388,18.0,22.447227910902967,1,0.6813513340310186,6.34148182360861,39.33921509217707,1.7424282433872433,14,377,20.435804524742956,255.4111000746512,6.789547371325078,47.10481968506945
3.4337026688859953,12.5,26.072522468583426,1,0.7003593151092455,4.875362209169177,74.64994496402646,7.752254827542579,5,603,18.360830571149368,253.14595324363478,13.871158761252158,9.091226996190427
3.0175932308731706,25.0,17.079314029110787,1,0.5920801273514911,5.400717758488364,24.724714259534878,7.530009473801324,2,691,14.874853585802875,326.01430182852874,32.93318809434225,42.321890566776034
3.5939412278506837,0.0,1.93156746232359,0,0.8055440269480896,6.5521849624728095,93.9039809988708,4.002574159180327,12,495,19.07604765226052,153.90614246026288,1.9224850200888055,28.722362864005945
0.6774354358575314,12.5,8.053434899408115,0,0.882522449793574,5.152687598656612,48.82496993670222,4.51088004438544,19,449,13.417069412734852,259.9204277649759,14.40342883247493,31.73946539619454
2.662176661573186,30.0,14.819220608664669,1,0.45636699932749014,5.7025498450825625,94.26971786384904,2.905719135842432,8,689,16.978615519406,172.78777845816919,1.2681491121693411,19.915450059678648
2.7291640923544227,0.0,8.188939074265951,1,0.42570844095381677,6.873239552224532,1.6290903852472347,5.168997173083767,9,273,12.011235245571177,196.42745995201815,5.231432957988042,34.10713824090794
2.674224642583158,18.0,13.581125742564359,1,0.854603974986172,4.946067134329644,36.95454319700288,7.4140045566926185,15,547,18.235766159578365,342.4357894316896,10.470466598861362,28.278096248251014
1.6037114459594028,12.5,11.011697120915551,0,0.4260093898826762,6.104397011808076,89.48813961153887,3.78241376628758,9,552,21.448989165211362,359.8999439366344,22.694418281341907,25.827721744281007
0.31605535310899824,30.0,2.472676665169908,1,0.4724294871127219,6.437158359377659,93.46108648780361,2.6985798475270903,20,462,12.945346169791264,283.7614858352423,35.1242488526046,7.717298897350604
5.700928126297121,18.0,16.71562654847626,0,0.5001796791946174,5.104225304739123,15.965472200238578,10.74056906680744,16,344,20.18532680960122,107.42935927058456,21.683499234063603,40.42347564838601
2.155776669606838,18.0,13.62297867296784,0,0.5677138046838544,5.946073229056223,13.66817035434723,8.315612224077709,12,267,19.842375457421227,138.32800359203557,26.72047359510132,16.575212271412184
2.760679871481182,12.5,3.400487393902073,1,0.8130905916308526,5.617159593963188,94.9491192416834,6.625679510255374,5,373,15.11794856524376,277.01424595331264,23.002800871467787,21.771410730766103
2.179703139396449,25.0,22.1794772694838,1,0.3100733329312589,6.949697970439438,86.88784967026322,6.846725457447102,13,649,16.411479006618574,265.7977218862336,38.831344634014414,44.580358945828976
1.4109578542531387,30.0,20.887645800979723,0,0.6360156108298303,6.516540868676165,3.078237462294461,8.15836334114018,16,223,12.731216010242083,105.59191637724261,18.64882398539533,45.90985914144797
2.2423887185035056,30.0,13.347184259007177,0,0.564793403724956,6.0420684947628,3.8846628486317476,11.790407148737499,17,438,14.41923835954316,399.0682960523613,5.96588951112041,20.558756936634797
3.8614702621264034,0.0,11.83905505488907,1,0.44745722655383147,7.3010804857359695,77.47271366332575,2.9106283577728784,7,284,14.78193677395853,190.03537908070683,9.036462244838427,21.2908787394896
0.9210876756606128,30.0,23.86422031073991,0,0.3860855687452246,6.3002927563722855,69.33927487933153,11.167957143701111,11,499,18.574414638308248,154.81939494863607,14.866219353154154,10.8959046290371
0.5363695870934347,18.0,9.467872276419405,1,0.7893528985520829,6.0383296715862915,12.80877618493005,4.487887402798496,16,223,19.884934746024133,104.08316586622452,23.285763844622732,38.15254859618406
3.3643104400273405,25.0,12.475502924455503,1,0.645042268958716,5.839463810840399,96.65905111189775,9.13991488738158,19,274,19.301588545499634,230.42039929178975,31.752294522325684,17.779209712455906
0.012999118657936792,0.0,24.11902117533164,1,0.816748942178628,6.037896363091439,63.560857527963435,9.097541163137592,15,565,20.269937225840263,378.89432762241586,3.845284689821001,34.20615254184948
0.750456655003144,18.0,25.065072601793716,0,0.6069998189271335,6.118815624213316,39.42378106709698,7.8403326175375705,5,364,12.266295173387544,134.85920265740702,37.74790091753842,25.478775841437407
2.616047128760804,30.0,3.452247957577952,0,0.3525704606782535,5.4186511244394655,83.2208276517888,4.503783991449667,4,188,19.055374174904088,224.84712243131028,14.664613740400437,43.26635936630279
4.055148494864195,25.0,12.851549694067128,0,0.47265689628432506,6.474655266476469,90.36722151239384,9.992893685253561,2,441,19.409411872123094,185.97690565232085,10.439724503764221,36.552908051468705
3.5983247960254547,25.0,13.004270854199474,1,0.852922876363029,5.706796979450496,68.4911994089329,2.94235112156314,22,672,21.978861110686736,373.82210555782945,38.287297635137904,37.86421974983735
0.41456226825521814,0.0,10.863051109299366,1,0.644849209277691,5.928866856112284,73.60006254783646,8.093318188318571,10,262,14.074039799756166,187.87797253774946,22.975678082415282,45.92468565498487
2.3033329411947183,25.0,20.974099419592168,1,0.5564793436998443,6.174897397243324,77.91986048891754,5.077085693739968,11,255,21.814476069253477,183.33085448785374,29.042724355264212,10.540596075831381
0.8851488615648235,0.0,11.140793177348616,1,0.7684085246584482,4.002936520459361,86.40887052318821,7.759540023197213,3,583,21.572112036740407,332.70284014761205,22.742997376268452,30.735328695830358
2.238155816108372,25.0,13.362698703533429,1,0.402025796064413,5.844066353457094,80.6354801964193,6.1839976869833455,24,407,17.89678585970276,128.56026668281606,33.40331438079188,18.461339754216763
1.356568130913985,30.0,26.21366522763448,0,0.7760111881692189,5.871493601288736,21.895121445495388,1.4902582529352957,15,343,18.98551823847513,227.0583696154704,15.693405926510538,14.209452856012138
1.5357182892516898,18.0,21.680159038611528,1,0.636437424517208,5.559667522192256,13.102280584516441,4.735764778029212,10,573,16.176073796056937,289.7555050524733,19.665978994665835,47.29275636207964
2.3435121101497676,12.5,15.085563473621711,0,0.4038706930326473,6.301686622206333,71.33387195536696,5.950221681455265,20,325,18.70933092693732,360.9987296746058,23.716407522914157,36.82184852515229
1.9950221459290054,12.5,5.6365822136729165,1,0.38203099754700914,6.397897783659372,13.05679174655357,10.332062023579041,2,430,21.076394718706695,134.2552320031154,27.73297731970233,12.042478923340362
1.7550340411276624,18.0,24.08364417025634,1,0.6238225725990068,6.284887688863596,72.09132058906425,2.9012956555155833,6,255,12.63104607921779,393.4254037007833,9.798768710955448,11.631267832155709
2.322953257083498,25.0,26.862196778021488,0,0.8791020613325831,7.202406090523567,79.23645970140012,8.86610472063252,10,397,19.84139152636415,312.94376821579203,21.10528185407287,11.888772350330683
1.9053301292216678,25.0,1.7273234088296,1,0.7705522144952526,5.979566139490172,38.56121810324131,9.973491899513942,2,316,21.090376571181707,282.0521775061834,4.099467461397062,36.9493474389978
1.7271674214657184,12.5,25.889325693321492,1,0.7766329530271547,7.886026048816598,83.06172093538319,6.086077745270808,16,409,21.724611576863385,222.0390811841564,24.572740331025077,9.528077306647685
1.3191785418030095,25.0,23.2455313572495,1,0.43241936631066025,5.493230416908973,39.59212885588361,1.6003454890440234,19,253,20.44496328435278,267.6057158677845,17.70163378641463,9.070519550201036
0.32100484403040086,0.0,12.098884460403562,1,0.8094763924431148,6.250646193855477,79.57864553111074,8.497112491444307,4,262,20.82546593075471,122.95799830258402,34.974789326987135,9.762761003004984
0.40701112100723047,0.0,24.50058733228498,0,0.8115523696266902,5.6702591500147985,2.6784822035638283,11.245084076348911,22,679,19.856129426954293,143.1595772339456,9.930889164183068,7.505062819575101
0.18993913318085076,25.0,9.758076812517281,1,0.5141186005014408,6.031168000130468,27.927018741962343,10.868395958929634,14,702,18.34686334802901,348.8977114588773,38.67089437052546,14.385156848995164
1.7514011929902331,25.0,24.10737003850232,1,0.37997055088725534,6.713818972069791,32.76485470995195,1.2627096509172164,17,217,14.611026332663869,145.51687287193002,35.03659040451565,43.3298672696033
0.891550760436935,12.5,12.862557410777805,0,0.5479114282778145,5.124275306898441,67.71388991984323,8.417970905517196,21,307,20.72024654019127,219.00755177553233,4.163571524282902,42.03999687399481
1.0114970030466726,18.0,7.522149050501223,0,0.4547400329389194,7.164399476960741,64.6333658031125,6.342971308202076,11,452,14.067455105508625,371.111378812725,14.52128628450691,16.720205896800856
5.219803238829115,12.5,14.551030248067464,0,0.3901334881583118,5.635427818545779,29.130022415277377,7.050172067631475,4,347,12.659836207870013,376.25397610715044,38.02458788580698,35.453084267761724
1.536931773628837,0.0,13.415079302348326,1,0.4769381236212549,7.33344901785761,55.95454890644539,6.786432257901373,4,302,12.208248294244617,204.0660705761434,36.260773315917305,19.236900305610334
